1. 本地订阅	订阅顺序：1, 订阅名称 本地订阅	[84,426][369,510]
暂无规则		[84,524][284,594]
9月前	更新时间 9月前	[196,608][300,664]
2. AIsouler的GKD订阅-已停止维护	订阅顺序：2, 订阅名称 AIsouler的GKD订阅-已停止维护	[84,748][967,832]
3全局/886应用/2074规则		[84,846][656,916]
AIsouler	作者 AIsouler	[84,930][239,986]
v406	订阅版本号 406	[267,930][366,986]
7月前	更新时间 7月前	[394,930][496,986]
3. 奥怪的GKD订阅	订阅顺序：3, 订阅名称 奥怪的GKD订阅	[84,1070][557,1154]
9全局/72应用/285规则		[84,1168][597,1238]
aoguai	作者 aoguai	[84,1252][207,1308]
v88	订阅版本号 88	[235,1252][306,1308]
1月前	更新时间 1月前	[334,1252][430,1308]
4. MarsGao薅羊毛领券	订阅顺序：4, 订阅名称 MarsGao薅羊毛领券	[84,1392][681,1476]
1应用/7规则		[84,1490][352,1560]
MarsGao	作者 MarsGao	[84,1574][254,1630]
v5	订阅版本号 5	[282,1574][328,1630]
1周前	更新时间 1周前	[356,1574][452,1630]
订阅		[56,223][210,321]
	缓慢查询规则列表	[796,230][880,314]
	规则匹配已启用	[964,230][1048,314]
	订阅设置	[1132,230][1216,314]
	更多操作	[1300,230][1384,314]
首页		[126,3056][213,3112]
订阅		[493,3056][580,3112]
应用		[860,3056][947,3112]
设置		[1227,3056][1314,3112]
	添加订阅	[1188,2636][1384,2832]