百亿补贴会员|[0,0][1440,3168]
​​​​​​​​​​​​​​​​​​​​​​​​​​​​​​​​​​​​​​​​​​​​​​​​​​​​​​​​​​​​​​​​​​​​​​​​​​​​​​​​​​​​​​​​​​​​​​​​​​​​​​​​​​​​​​​​​​​​​​​​​​​​​​​​​​​​​​​​​​​​​​​​​​​​​​​​​​​​​​​​​​​​​​​​​​​​​​​​​​​​​​​​​​​​​​​​​​​​​​​​​​​​​​​​​​​​​​​​​​​​​​​​​​​​​​​​​​​​​​​​​​​​​​​​​​​​​​​​​​​​​​​​​​​​​​​​​​​​​​​​​​​​​​​​​​​​​​​​​​​​|[0,0][0,0]
百亿补贴会员|[525,192][917,287]
webp|[0,0][1440,1022]
webp|[136,203][602,280]
奖品|[1078,185][1267,294]
规则|[1267,185][1438,294]
4286c419-5c30-4b60-9c6c-a3472bcce89f.png.slim|[45,357][1396,448]
d13361d2-b97f-4bd6-802f-f60c32629ee9|[49,500][402,812]
下月可领回馈券|[374,560][920,640]
直通卡108天后到期|[374,682][773,731]
webp|[784,686][812,728]
webp|[1032,619][1102,682]
404|[1106,630][1214,682]
积分|[1214,616][1326,686]
webp|[1337,630][1365,672]
946f2674-82cd-47d1-bedc-aab0c89030ff|[59,794][294,990]
4ddb2a00-8d3c-4d60-8aec-ce5e3cea9930|[322,794][553,990]
4a108294-708d-40fc-b863-8b29db7d3319|[581,794][815,990]
80cc43db-7d25-40ad-a733-dab18ce37964|[843,794][1078,990]
0c8fb1ca-4195-428b-96f3-4d034ad9b52d|[1102,794][1340,990]
88632cbc-f503-4b79-9497-f6326180ed4f|[1365,794][1440,990]
打卡送积分|[91,1092][399,1155]
任务|[427,1092][539,1162]
每周一0点|[532,1092][787,1162]
更新|[780,1092][892,1162]
+|[150,1260][189,1323]
10|[182,1253][252,1333]
webp|[126,1424][178,1473]
打卡|[182,1421][276,1480]
第1天|[143,1519][259,1568]
+|[353,1323][388,1386]
25|[385,1312][465,1393]
第2天|[350,1519][469,1568]
+|[532,1323][567,1386]
15|[563,1312][633,1393]
第3天|[521,1519][644,1568]
+|[703,1323][742,1386]
10|[735,1312][808,1393]
第4天|[693,1519][815,1568]
+|[889,1323][927,1386]
5|[924,1312][966,1393]
第5天|[864,1519][987,1568]
+|[1064,1323][1099,1386]
5|[1095,1312][1137,1393]
第6天|[1039,1519][1162,1568]
+|[1214,1323][1253,1386]
50|[1249,1312][1330,1393]
第7天|[1211,1519][1333,1568]
会员专享价|[91,1687][399,1753]
V3以上可享, 7天限买7件|[427,1694][1008,1750]
查看全部|[1088,1687][1309,1753]
webp|[1319,1694][1351,1743]
25.1元券|[91,2023][388,2089]
¥189.9|[91,2096][388,2177]
26.1元券|[409,2023][710,2089]
会员价¥91.9|[409,2096][710,2177]
280元券|[731,2023][1029,2089]
会员价¥2529|[731,2096][1029,2177]
16元券|[1050,2023][1351,2089]
会员价¥47.9|[1050,2096][1351,2177]
积分兑券|[220,2278][469,2355]
webp|[479,2285][546,2352]
限时兑券|[784,2278][1032,2355]
iPhone新品券|[1043,2282][1330,2355]
积分兑好券|[91,2285][399,2352]
webp|[423,2285][486,2352]
5|[238,2460][294,2572]
元|[301,2506][350,2555]
满30元可用|[91,2565][497,2618]
webp|[129,2674][192,2730]
50|[192,2656][255,2751]
积分兑换|[259,2674][444,2733]
5|[665,2460][721,2572]
元|[724,2506][777,2555]
无门槛券|[518,2565][924,2618]
100|[584,2646][665,2768]
积分兑换|[668,2677][857,2737]
10:00抢|[518,2394][696,2460]
15|[1071,2460][1165,2572]
元|[1169,2506][1221,2555]
满100元可用|[941,2565][1351,2618]
webp|[973,2674][1036,2730]
150|[1036,2656][1116,2751]
积分兑换|[1120,2674][1309,2733]
30|[0,0][0,0]
元|[0,0][0,0]
满200元可用|[1368,2565][1440,2618]
webp|[1393,2674][1440,2730]
300|[0,0][0,0]
积分兑换|[0,0][0,0]
50|[210,2852][325,2964]
元|[325,2898][378,2947]
满300元可用|[91,2957][497,3010]
webp|[115,3062][178,3122]
500|[178,3048][269,3143]
积分兑换|[273,3066][458,3125]
V3及以上专享|[91,2786][381,2852]
99|[637,2852][752,2964]
元|[756,2898][805,2947]
满999元可用|[518,2957][924,3010]
webp|[542,3062][605,3122]
700|[605,3048][696,3143]
积分兑换|[696,3066][885,3125]
V3及以上专享|[518,2786][808,2852]
150|[1043,2852][1193,2964]
元|[1197,2898][1249,2947]
满1200元可用|[941,2957][1351,3010]
webp|[966,3062][1029,3122]
999|[1029,3048][1123,3143]
积分兑换|[1127,3066][1312,3125]
专属积分券|[941,2786][1179,2852]
限时抢券活动|[91,2285][462,2352]
限时限量，抢完即止|[486,2289][973,2345]
100|[192,2460][343,2572]
元|[346,2506][395,2555]
满900元可用|[91,2565][497,2618]
webp|[115,2674][178,2730]
1000积分兑|[175,2667][469,2737]
iPhone新品可用|[105,2401][381,2450]
webp|[388,2408][409,2443]
50|[637,2460][749,2572]
元|[752,2506][801,2555]
满290元可用|[518,2565][924,2618]
webp|[553,2674][616,2730]
800积分兑|[616,2667][882,2737]
iPhone新品可用|[532,2401][808,2450]
webp|[815,2408][836,2443]
30|[1064,2460][1176,2572]
元|[1179,2506][1228,2555]
满190元可用|[941,2565][1351,2618]
webp|[980,2674][1043,2730]
500积分兑|[1039,2667][1309,2737]
iPhone新品可用|[959,2401][1235,2450]
webp|[1242,2408][1260,2443]
积分抵现金|[0,0][0,0]
天天有5折|[0,0][0,0]
查看全部|[0,0][0,0]
webp|[0,0][0,0]
123积分|[0,0][0,0]
¥2.46兑|[0,0][0,0]
299积分|[0,0][0,0]
¥89.85兑|[0,0][0,0]
215积分|[0,0][0,0]
¥4.32兑|[0,0][0,0]
212积分|[0,0][0,0]
¥4.25兑|[0,0][0,0]
webp|[0,0][0,0]
全场下单返积分|[0,0][0,0]
webp|[0,0][0,0]
精选|[0,0][0,0]
手机数码|[0,0][0,0]
家用电器|[0,0][0,0]
服饰运动|[0,0][0,0]
食品医药|[0,0][0,0]
日用百货|[0,0][0,0]
美妆洗护|[0,0][0,0]
家居家装|[0,0][0,0]
母婴用品|[0,0][0,0]
webp|[0,0][0,0]
59256e15-e075-4db4-9590-d27c2a04eb81.png.slim|[0,0][0,0]
8df1a254-f195-4b45-83db-d2d20f6f7f2f.png.slim|[0,0][0,0]
奥克斯空调大3p匹新一级能效双排铜管节能巨省电柜机WiFi智控变频|[0,0][0,0]
webp|[0,0][0,0]
送货入户并安装|[0,0][0,0]
正品发票|[0,0][0,0]
分期付款|[0,0][0,0]
国补后¥2801.6|[0,0][0,0]
总售7206件|[0,0][0,0]
webp|[0,0][0,0]
预计返300积分|[0,0][0,0]
webp|[0,0][0,0]
webp|[0,0][0,0]
59256e15-e075-4db4-9590-d27c2a04eb81.png.slim|[0,0][0,0]
8df1a254-f195-4b45-83db-d2d20f6f7f2f.png.slim|[0,0][0,0]
Intel 酷睿 i5 14600K/14400 核显家用办公设计企采电脑DIY组装机|[0,0][0,0]
webp|[0,0][0,0]
分期付款|[0,0][0,0]
顺丰送货上门|[0,0][0,0]
正品险|[0,0][0,0]
券后¥1851|[0,0][0,0]
已抢65件|[0,0][0,0]
webp|[0,0][0,0]
预计返204积分|[0,0][0,0]
webp|[0,0][0,0]
webp|[0,0][0,0]
59256e15-e075-4db4-9590-d27c2a04eb81.png.slim|[0,0][0,0]
8df1a254-f195-4b45-83db-d2d20f6f7f2f.png.slim|[0,0][0,0]
【3大瓶】立白平衡点洗碗粉家庭装洗碗机专用洗涤剂0添加食品级|[0,0][0,0]
webp|[0,0][0,0]
拼单过|[0,0][0,0]
先用后付|[0,0][0,0]
正品险|[0,0][0,0]
仅今日¥67.76|[0,0][0,0]
已抢1.1万+瓶|[0,0][0,0]
webp|[0,0][0,0]
预计返75积分|[0,0][0,0]
webp|[0,0][0,0]
webp|[0,0][0,0]
59256e15-e075-4db4-9590-d27c2a04eb81.png.slim|[0,0][0,0]
8df1a254-f195-4b45-83db-d2d20f6f7f2f.png.slim|[0,0][0,0]
郎牌郎酒53度500ml*1/2瓶酱香白酒正品郎经典传承高端送礼酒水|[0,0][0,0]
webp|[0,0][0,0]
正品险|[0,0][0,0]
假一赔十|[0,0][0,0]
今日疯抢¥119|[0,0][0,0]
总售15万+件|[0,0][0,0]
webp|[0,0][0,0]
预计返131积分|[0,0][0,0]
webp|[0,0][0,0]
webp|[0,0][0,0]
59256e15-e075-4db4-9590-d27c2a04eb81.png.slim|[0,0][0,0]
8df1a254-f195-4b45-83db-d2d20f6f7f2f.png.slim|[0,0][0,0]
【需当面签收激活】Apple/苹果 2026 MacMINI主机M6 (12+12核)【9月28日发完】|[0,0][0,0]
webp|[0,0][0,0]
正品发票|[0,0][0,0]
分期付款|[0,0][0,0]
顺丰送货上门|[0,0][0,0]
补贴价¥5599|[0,0][0,0]
总售1510件|[0,0][0,0]
webp|[0,0][0,0]
预计返300积分|[0,0][0,0]
webp|[0,0][0,0]
webp|[0,0][0,0]
59256e15-e075-4db4-9590-d27c2a04eb81.png.slim|[0,0][0,0]
8df1a254-f195-4b45-83db-d2d20f6f7f2f.png.slim|[0,0][0,0]
d2b23685-e5c7-4da4-97ce-1f33426a2c19.png.slim|[0,0][0,0]

|[0,0][0,0]
【生日送礼】Navigare意大利小帆船钱包男士青年高档牛皮男式皮夹|[0,0][0,0]
webp|[0,0][0,0]
正品发票|[0,0][0,0]
正品险|[0,0][0,0]
退货包运费|[0,0][0,0]
券后¥260.1|[0,0][0,0]
已抢370件|[0,0][0,0]
webp|[0,0][0,0]
预计返287积分|[0,0][0,0]
webp|[0,0][0,0]
webp|[0,0][0,0]
59256e15-e075-4db4-9590-d27c2a04eb81.png.slim|[0,0][0,0]
8df1a254-f195-4b45-83db-d2d20f6f7f2f.png.slim|[0,0][0,0]
4ee1fd0d-c8d9-4fc7-b758-00d7eee3d3ff.png.slim|[0,0][0,0]

|[0,0][0,0]
德力西欧标转换插头英标国际旅行转换器韩国法国香港全球通用插座|[0,0][0,0]
webp|[0,0][0,0]
拼单过|[0,0][0,0]
先用后付|[0,0][0,0]
正品险|[0,0][0,0]
仅今日¥9.15|[0,0][0,0]
已抢1251件|[0,0][0,0]
webp|[0,0][0,0]
预计返11积分|[0,0][0,0]
webp|[0,0][0,0]
webp|[0,0][0,0]
59256e15-e075-4db4-9590-d27c2a04eb81.png.slim|[0,0][0,0]
8df1a254-f195-4b45-83db-d2d20f6f7f2f.png.slim|[0,0][0,0]
大疆 DJI Avata 2 第一视角穿越飞行无人机|[0,0][0,0]
webp|[0,0][0,0]
分期付款|[0,0][0,0]
正品险|[0,0][0,0]
假一赔十|[0,0][0,0]
补贴价¥4209|[0,0][0,0]
总售5019件|[0,0][0,0]
webp|[0,0][0,0]
预计返300积分|[0,0][0,0]
webp|[0,0][0,0]
正在加载中...|[0,0][0,0]
webp|[532,759][913,1130]
享百亿补贴会员权益|[161,1144][1281,1232]
从|[231,1246][301,1330]
拼多多首页|[297,1246][626,1330]
，点击百亿补贴解锁|[619,1246][1207,1330]
9049ef18-53e7-4ddd-b323-d504a54e444f|[273,1382][1165,1928]
去首页进入参与|[259,1960][1179,2138]
webp|[1221,885][1340,1001]