单单享折扣		[0,0][1440,3168]
单单享折扣		[556,178][885,301]
最高减100元		[266,588][507,637]
9		[329,458][392,553]
折		[395,455][448,542]
最高减30元		[567,588][791,637]
8.5		[595,458][710,553]
折		[714,455][766,542]
最高减50元		[861,588][1085,637]
8		[910,458][973,553]
折		[976,455][1032,542]
最高减8元		[1165,588][1361,637]
7		[1204,458][1263,553]
折		[1267,455][1323,542]
【3大瓶】立白平衡点洗碗粉家庭装洗碗机专用洗涤剂0添加食品级		[367,1452][700,1522]
立减16.94元		[98,1554][374,1603]
拼单过		[392,1547][532,1613]
券后		[45,1648][133,1697]
￥67.76		[129,1638][325,1697]
已抢1.1万+瓶		[448,1652][686,1697]
玩皮兽成犬幼犬狗粮比熊泰迪金毛柯基拉布拉多博美全犬通用犬粮		[1043,1452][1407,1522]
大额立减41.4元		[787,1554][1109,1599]
退货包运费		[1130,1547][1365,1613]
券后		[752,1648][843,1697]
￥165.6		[836,1638][1043,1697]
已抢1万+件		[1179,1652][1396,1697]
嘻浴青年全自动电动洗澡刷子搓背神器刷背后背擦背搓澡器沐浴刷		[336,2464][700,2530]
大额立减50元		[80,2565][371,2611]
863ff256-89b2-4b7b-906f-8e8c6b9e2b22.png.slim		[395,2565][444,2618]
先用后付		[444,2562][633,2621]
券后		[45,2660][133,2709]
￥211.99		[129,2649][350,2709]
已抢1179件		[476,2663][686,2709]
七匹狼双肩包多功能大容量旅行背包商务出差电脑包电脑旅游旅行包		[1141,2464][1407,2530]
大额立减41.4元		[787,2565][1109,2611]
863ff256-89b2-4b7b-906f-8e8c6b9e2b22.png.slim		[1130,2565][1183,2618]
先用后付		[1183,2562][1368,2621]
券后		[752,2660][843,2709]
￥165.6		[836,2649][1043,2709]
已抢100件		[1197,2663][1396,2709]
【院线同款】苏宏双水平ST无创慢阻肺肺病呼吸机肺气肿排二氧化碳		[0,0][0,0]
大额立减100元		[0,0][0,0]
正品发票		[0,0][0,0]
券后		[0,0][0,0]
￥2159		[0,0][0,0]
已抢13件		[0,0][0,0]
嘻浴青年电动洗澡刷浴室礼盒装霍霍巴籽磨砂膏沐浴搓澡神器电搓背		[0,0][0,0]
大额立减50元		[0,0][0,0]
退货包运费		[0,0][0,0]
券后		[0,0][0,0]
￥279		[0,0][0,0]
已抢67件		[0,0][0,0]
为你推荐更多商品		[0,0][0,0]
古奢美白淡斑精华液水乳霜套盒5件套礼盒天然植萃改善暗沉提亮		[0,0][0,0]
立减100元		[0,0][0,0]
券后		[0,0][0,0]
￥351		[0,0][0,0]
已抢9485件		[0,0][0,0]
全自动搅拌杯电动摇摇杯健身水杯便携奶昔杯子带刻度700ml大容量		[0,0][0,0]
搅拌杯降价榜第6名先用后付立减20元		[0,0][0,0]
券后		[0,0][0,0]
￥92.7		[0,0][0,0]
已抢6396件		[0,0][0,0]
七匹狼双肩包男高中生书包大容量轻便商务电脑包户外旅行学生背包		[0,0][0,0]
先用后付立减10元正品险		[0,0][0,0]
券后		[0,0][0,0]
￥165.6		[0,0][0,0]
总售541件		[0,0][0,0]
山水S66家用音响无线蓝牙音箱高音质新款低音炮复古手机电脑桌		[0,0][0,0]
立减26元只换不修分期付款		[0,0][0,0]
券后		[0,0][0,0]
￥820		[0,0][0,0]
已抢42件		[0,0][0,0]
奥克斯空调大3p匹新一级能效WiFi智控智省电柜机铜管双排变频冷暖		[0,0][0,0]
收藏的商品送货入户并安装正品发票		[0,0][0,0]
券后		[0,0][0,0]
￥2801.6		[0,0][0,0]
总售7239件		[0,0][0,0]
【生日送礼】Navigare意大利小帆船钱包男士青年高档牛皮男式皮夹		[0,0][0,0]
正品发票立减20元正品险		[0,0][0,0]
券后		[0,0][0,0]
￥260.1		[0,0][0,0]
已抢370件		[0,0][0,0]
停车监控远程查看智能大广角行车记录仪双录双镜头记录仪		[0,0][0,0]
立减170元分期付款退货包运费		[0,0][0,0]
券后		[0,0][0,0]
￥330		[0,0][0,0]
已抢9件		[0,0][0,0]
玛尔医生医用型人源化胶原蛋白敷料喷雾医美术后舒缓干敏泛红		[0,0][0,0]
先用后付立减9元退货包运费		[0,0][0,0]
券后		[0,0][0,0]
￥170.1		[0,0][0,0]
已拼10件		[0,0][0,0]
落地全实木角柜酸枝木中式边角架墙角书架多层置物架三角展示柜		[0,0][0,0]
立减200元分期付款		[0,0][0,0]
券后		[0,0][0,0]
￥1047		[0,0][0,0]
已拼27件		[0,0][0,0]
花西子同心锁口红双支装浮雕花哑光唇釉滋润淡唇纹送女友生日礼物		[0,0][0,0]
百亿补贴·浮雕图口红畅销榜第9名先用后付立减21元		[0,0][0,0]
券后		[0,0][0,0]
￥350.1		[0,0][0,0]
已抢924件		[0,0][0,0]
落地式鱼竿架 路亚竿溪流竿通用收纳架 带洞洞板渔具整理架可移动		[0,0][0,0]
先用后付立减10元		[0,0][0,0]
券后		[0,0][0,0]
￥151.2		[0,0][0,0]
已抢182件		[0,0][0,0]
ZMC山姆正品爆款胶原蛋白抗皱紧致面霜皱纹提拉眼细纹雪花膏		[0,0][0,0]
先用后付立减40元发货前可快速退款		[0,0][0,0]
券后		[0,0][0,0]
￥48		[0,0][0,0]
已拼5007件		[0,0][0,0]
【酒厂直营】贵州正宗53度纯粮食酒正品酱香型老酒一整箱6瓶批发		[0,0][0,0]
先用后付立减30元退货包运费		[0,0][0,0]
券后		[0,0][0,0]
￥201		[0,0][0,0]
已抢16件		[0,0][0,0]
TAFE联名哈利波特奶黄流心月饼礼盒720g中秋节爆浆夹心团购送礼袋		[0,0][0,0]
先用后付立减18元顺丰包邮		[0,0][0,0]
券后		[0,0][0,0]
￥251.1		[0,0][0,0]
总售325件		[0,0][0,0]
苏泊尔316L不锈钢厨房水槽日式零涂层米粒集渣过滤家用洗碗洗菜盆		[0,0][0,0]
品牌大口径水槽套餐畅销榜第8名立减50元3期免息		[0,0][0,0]
券后		[0,0][0,0]
￥1108.6		[0,0][0,0]
已抢150件		[0,0][0,0]
CASIO手表时尚复古防水休闲新款不锈钢带计算器腕表CA-500WE-7BDF		[0,0][0,0]
先用后付正品发票正品险		[0,0][0,0]
券后		[0,0][0,0]
￥288.47		[0,0][0,0]
已抢138件		[0,0][0,0]
斯凯奇斜挎包黑色2026新款通勤轻便包包大容量邮差休闲单肩电脑包		[0,0][0,0]
男牛津布斜挎包新品榜第4名先用后付立减8元		[0,0][0,0]
券后		[0,0][0,0]
￥125.1		[0,0][0,0]
总售1331件		[0,0][0,0]
路由器一拖100全新正品无线专用千兆工作室新款wifi通用		[0,0][0,0]
分期付款		[0,0][0,0]
券后		[0,0][0,0]
￥1071		[0,0][0,0]
已抢19件		[0,0][0,0]
洪恩AI随身学AI玩具智能学习机语音打电话启蒙男女孩礼物		[0,0][0,0]
先用后付立减17元正品险		[0,0][0,0]
券后		[0,0][0,0]
￥271.8		[0,0][0,0]
已抢302件		[0,0][0,0]
EZEH】内衣洗衣液内裤专用清洗液抑菌除菌温和手洗不伤手洗衣液皂		[0,0][0,0]
先用后付立减30元		[0,0][0,0]
券后		[0,0][0,0]
￥45		[0,0][0,0]
已拼207件		[0,0][0,0]
正在加载中...		[0,0][0,0]
​​​​​​​​​​​​​​​​​​​​​​​​​​​​​​​​​​​​​​​​​​​​​​​​​​​​​​​​​​​​​​​​​​​​​​​​​​​​​​​​​​​​​​​​​​​​​​​​​​​​​​​​​​​​​​​​​​​​​​​​​​​​​​​​​​​​​​​​​​​​​​​​​​​​​​​​​​​​​​​​​​​​​​​​​​​​​​​​​​​​​​​​​​​​​​​​​​​​​​​​​​​​​​​​​​​​​​​​​​​​​​​​​​​​​​​​​​​​​​​​​​​​​​​​​​​​​​​​​​​​​​​​​​​​​​​​​​​​​​​​​​​​​​​​​​​​​​​​​​​​		[0,0][0,0]
	返回	[49,200][126,280]