已优先展示支持送货上门的商品	[377,619][1063,741]
家用小凳子圆桶凳加	[35,1478][692,1535]
先用后付	[35,1556][249,1605]
¥	[35,1656][61,1705]
8	[65,1637][103,1710]
全店总售22.8万+	[114,1646][486,1703]
家用加厚塑料	[748,1478][1405,1535]
先用后付	[748,1556][969,1605]
立减10元	[983,1556][1197,1605]
券后	[748,1652][832,1701]
¥	[839,1655][865,1704]
9.89	[869,1636][982,1709]
本店已拼1.5万	[993,1644][1299,1701]
加厚塑料小凳	[35,2477][692,2534]
先用后付	[35,2555][249,2604]
限1件	[35,2651][135,2700]
¥	[142,2654][168,2703]
6.6	[172,2635][256,2708]
本店已拼7550	[267,2643][579,2700]
广告	[1336,2400][1426,2453]
小凳子家用加	[748,2477][1405,2534]
先用后付	[748,2555][962,2604]
券后	[748,2651][832,2700]
¥	[839,2654][865,2703]
15.8	[869,2635][976,2708]
本店已拼3.2万	[987,2643][1300,2700]
综合	[75,335][173,475]
销量	[364,376][462,433]
价格	[614,335][712,475]
品牌	[963,376][1061,433]
筛选	[1219,376][1317,433]
中秋节	[327,498][515,596]
送货上门	[587,498][820,596]
回头客常拼	[892,498][1117,596]
简约现代	[1189,498][1369,596]
小凳子结实耐用	[410,206][753,289]
商品	[182,214][294,280]