百亿补贴		[0,0][1440,3168]
返回		[35,175][126,297]
搜索框		[147,175][1039,297]
90		[980,189][1088,287]
90		[1064,206][1179,266]
90		[1116,206][1232,266]
30元券		[1165,143][1344,227]
800x9999%3E		[924,182][1071,294]
更多		[1309,175][1428,297]
90		[0,0][1440,1333]
专属补贴		[84,770][273,822]
800x9999%3E		[647,773][672,815]
800x9999%3E		[112,864][332,1001]
去许愿		[157,1025][287,1078]
800x9999%3E		[430,850][626,1046]
¥10.79		[406,1043][654,1099]
800x9999%3E		[731,770][966,819]
剩		[1004,766][1053,826]
04		[1050,766][1113,826]
:		[1102,770][1130,822]
26		[1120,766][1183,826]
:		[1172,770][1200,822]
50		[1190,766][1253,826]
.		[1242,770][1270,822]
4		[1260,766][1291,826]
800x9999%3E		[1295,773][1319,815]
800x9999%3E		[763,892][980,980]
800x9999%3E		[819,976][931,1092]
800x9999%3E		[763,1008][980,1095]
去抽奖		[756,1011][987,1092]
¥13.5		[756,1095][987,1176]
去抽奖		[756,1130][987,1211]
800x9999%3E		[1081,850][1277,1046]
¥2949		[1050,1043][1309,1099]
800x9999%3E		[1039,843][1225,903]
800x9999%3E		[210,749][714,1130]
800x9999%3E		[1379,770][1440,819]
100元券待领		[0,0][0,0]
800x9999%3E		[0,0][0,0]
800x9999%3E		[1410,864][1440,1001]
800x9999%3E		[1410,987][1440,1127]
800x9999%3E		[1410,1050][1440,1186]
抽福袋		[0,0][0,0]
375x9999%3E		[0,0][0,0]
¥2598.38		[0,0][0,0]
800x9999%3E		[861,749][1361,1130]
多人团		[0,0][0,0]
800x9999%3E		[0,0][0,0]
800x9999%3E		[0,0][0,0]
¥2210		[0,0][0,0]
百亿奢品馆		[0,0][0,0]
800x9999%3E		[0,0][0,0]
800x9999%3E		[0,0][0,0]
¥675.37		[0,0][0,0]
手机数码馆		[0,0][0,0]
800x9999%3E		[0,0][0,0]
800x9999%3E		[0,0][0,0]
¥5599		[0,0][0,0]
精选		[108,1141][234,1249]
800x9999%3E		[336,1183][518,1253]
800x9999%3E		[619,1183][833,1253]
800x9999%3E		[910,1183][1137,1253]
800x9999%3E		[1211,1183][1438,1253]
电脑		[0,0][0,0]
大家电		[0,0][0,0]
食品		[0,0][0,0]
数码		[0,0][0,0]
生鲜		[0,0][0,0]
手机		[0,0][0,0]
百货		[0,0][0,0]
汽车		[0,0][0,0]
潮玩		[0,0][0,0]
运动		[0,0][0,0]
海淘		[0,0][0,0]
户外		[0,0][0,0]
美家		[0,0][0,0]
鞋靴		[0,0][0,0]
小家电		[0,0][0,0]
包饰		[0,0][0,0]
医药		[0,0][0,0]
内衣		[0,0][0,0]
美妆		[0,0][0,0]
男装		[0,0][0,0]
童装		[0,0][0,0]
文化		[0,0][0,0]
女装		[0,0][0,0]
母婴		[0,0][0,0]
图书		[0,0][0,0]
办公		[0,0][0,0]
宠物		[0,0][0,0]
800x9999%3E		[1249,1141][1440,1288]
800x9999%3E		[91,1389][203,1456]
苹果2026秋季新品		[220,1396][672,1452]
展开全部		[1067,1396][1284,1452]
800x9999%3E		[1298,1400][1351,1449]
90		[59,1571][647,2159]
补贴神价限购1件		[59,2079][647,2159]
90		[672,1582][882,1641]
90		[889,1582][1092,1641]
90		[1099,1582][1204,1641]

		[1375,1596][1375,1655]
800x9999%3E		[675,1648][742,1715]
奥克斯		[749,1652][903,1718]
奥克斯空调大3p匹新一级能效双排铜管节能巨省电柜机WiFi智控变频		[672,1652][1372,1862]
800x9999%3E		[672,1809][721,1855]
送货入户并安装		[724,1809][1050,1862]
正品发票		[1060,1809][1246,1862]
分期付款		[689,1865][878,1918]
国补后		[672,2030][815,2086]
¥		[822,2033][854,2086]
2801		[854,1981][1018,2103]
.		[1015,1991][1032,2100]
6		[1029,2016][1060,2093]
共省1997.4元		[672,2103][994,2170]
优惠前		[672,2103][815,2159]
¥		[819,2103][850,2159]
4799		[850,2103][962,2159]
90		[59,2226][647,2814]
补贴神价限购1件		[59,2730][647,2814]
90		[672,2233][878,2296]
90		[885,2233][987,2296]
90		[997,2233][1176,2296]

		[1375,2247][1375,2306]
800x9999%3E		[675,2299][742,2366]
茅台		[749,2306][854,2369]
贵州茅台53度飞天茅台酱香型白酒500ml*2瓶送礼袋年份版本随机发		[672,2306][1344,2516]
800x9999%3E		[672,2464][721,2509]
分期付款		[724,2460][910,2516]
正品险		[924,2460][1064,2516]
假一赔十		[1074,2460][1263,2516]
800x9999%3E		[672,2653][703,2695]
仅一次		[707,2642][850,2702]
¥		[857,2646][889,2702]
3340		[889,2593][1064,2719]
800x9999%3E		[672,2744][724,2793]
同款其他规格		[724,2744][980,2796]
查看更多		[1165,2744][1340,2793]
800x9999%3E		[1344,2751][1382,2786]
90		[59,2877][647,3168]
加倍补		[0,0][0,0]
800x9999%3E		[0,0][0,0]
疯抢2.9万+件		[0,0][0,0]
90		[672,2884][878,2947]
90		[885,2884][987,2947]
90		[997,2884][1176,2947]

		[1375,2901][1375,2961]
800x9999%3E		[675,2954][742,3020]
陶陶居		[749,2957][903,3020]
陶陶居虾饺金莎红米肠干蒸鱼籽牛肉球组合套餐到手5包早餐早茶		[672,2957][1372,3167]
800x9999%3E		[672,3115][721,3164]
先用后付		[724,3115][910,3167]
顺丰包邮		[924,3115][1109,3167]
正品险		[1120,3115][1263,3167]
立减10.7元		[0,0][0,0]
领加倍补券		[0,0][0,0]
只剩5小时¥49.9已补39.4元		[0,0][0,0]
早10晚8 惊喜加补		[0,0][0,0]
查看更多		[0,0][0,0]
90		[0,0][0,0]
90		[0,0][0,0]
加倍补		[0,0][0,0]
800x9999%3E		[0,0][0,0]
疯抢39.9万+件		[0,0][0,0]
90		[0,0][0,0]
90		[0,0][0,0]

		[0,0][0,0]
800x9999%3E		[0,0][0,0]
多芬		[0,0][0,0]
多芬沐浴露乳液樱花桃悦持久留香水男女士洗澡清洁官方正品授权店		[0,0][0,0]
800x9999%3E		[0,0][0,0]
先用后付		[0,0][0,0]
正品险		[0,0][0,0]
假一赔十		[0,0][0,0]
立减8.5元		[0,0][0,0]
领加倍补券		[0,0][0,0]
只剩5小时¥17.28.5元券		[0,0][0,0]
早10晚8 惊喜加补		[0,0][0,0]
查看更多		[0,0][0,0]
90		[0,0][0,0]
90		[0,0][0,0]
decce45d-c61e-4be9-97b2-532753e71061.png.slim		[0,0][0,0]
最后补贴10件!		[0,0][0,0]
90		[0,0][0,0]
90		[0,0][0,0]

		[0,0][0,0]
800x9999%3E		[0,0][0,0]
AMD		[0,0][0,0]
AMD锐龙R5 5600GT/​5600/​16G+512G/​GT730K4g独显商务办公娱乐主机		[0,0][0,0]
800x9999%3E		[0,0][0,0]
送货上门		[0,0][0,0]
分期付款		[0,0][0,0]
顺丰包邮		[0,0][0,0]
“用的还不错，以后会回购”		[0,0][0,0]
券后		[0,0][0,0]
¥		[0,0][0,0]
1499		[0,0][0,0]
共省500元		[0,0][0,0]
优惠前		[0,0][0,0]
¥		[0,0][0,0]
1999		[0,0][0,0]
新学期大钜惠		[0,0][0,0]
距结束		[0,0][0,0]
14		[0,0][0,0]
:		[0,0][0,0]
26		[0,0][0,0]
:		[0,0][0,0]
50		[0,0][0,0]
.		[0,0][0,0]
8		[0,0][0,0]
优选大牌 低至5折		[0,0][0,0]
800x9999%3E		[0,0][0,0]
已补17.09元		[0,0][0,0]
AXE斧头牌洗洁精柠檬4.23kg食品用级大桶补充装强力去油家庭大瓶		[0,0][0,0]
券后¥57.19		[0,0][0,0]
800x9999%3E		[0,0][0,0]
迈洁斯洁厕棒卫生间除垢马桶厕所清洁剂块强力去污清洁剂去味除臭		[0,0][0,0]
券后¥9.58		[0,0][0,0]
800x9999%3E		[0,0][0,0]
已补3.64元		[0,0][0,0]
云朵季1500张悬挂式抽纸家庭装纸巾大包厕纸抽取式卫生纸宿舍学生		[0,0][0,0]
券后¥5.01		[0,0][0,0]
90		[0,0][0,0]
会员专享价		[0,0][0,0]
18		[0,0][0,0]
:		[0,0][0,0]
25		[0,0][0,0]
:		[0,0][0,0]
50		[0,0][0,0]
.		[0,0][0,0]
2		[0,0][0,0]
90		[0,0][0,0]
90		[0,0][0,0]
90		[0,0][0,0]

		[0,0][0,0]
800x9999%3E		[0,0][0,0]
每日鲜语		[0,0][0,0]
每日鲜语鲜牛奶3.6蛋白950ml*3盒装低温鲜奶巴氏杀菌早餐新鲜		[0,0][0,0]
800x9999%3E		[0,0][0,0]
送货上门		[0,0][0,0]
先用后付		[0,0][0,0]
正品险		[0,0][0,0]
立减11.6元		[0,0][0,0]
V3会员专享券		[0,0][0,0]
会员价¥23.9		[0,0][0,0]
V3会员专享价		[0,0][0,0]
去看看		[0,0][0,0]
90		[0,0][0,0]
90		[0,0][0,0]
90		[0,0][0,0]
90		[0,0][0,0]
90		[0,0][0,0]

		[0,0][0,0]
双苑		[0,0][0,0]
彩箱发货正宗四川攀枝花凯特大芒果9.5斤新鲜孕妇水果批发包邮		[0,0][0,0]
800x9999%3E		[0,0][0,0]
先用后付		[0,0][0,0]
坏了包赔		[0,0][0,0]
正品险		[0,0][0,0]
“这款芒果很甜，肉厚水份足”		[0,0][0,0]
今日疯抢¥14.5		[0,0][0,0]
90		[0,0][0,0]
90		[0,0][0,0]
90		[0,0][0,0]
90		[0,0][0,0]

		[0,0][0,0]
800x9999%3E		[0,0][0,0]
海飞丝		[0,0][0,0]
防脱固发丰盈洗发水添加侧柏叶精华蓬松控油去屑防掉发海飞丝新品		[0,0][0,0]
800x9999%3E		[0,0][0,0]
先用后付		[0,0][0,0]
正品险		[0,0][0,0]
退货包运费		[0,0][0,0]
本周热卖		[0,0][0,0]
¥		[0,0][0,0]
67		[0,0][0,0]
.		[0,0][0,0]
1		[0,0][0,0]
共省37.6元		[0,0][0,0]
优惠前		[0,0][0,0]
¥		[0,0][0,0]
104		[0,0][0,0]
.		[0,0][0,0]
7		[0,0][0,0]
360x		[0,0][0,0]
9月14日专属补贴		[0,0][0,0]
800x9999%3E		[0,0][0,0]
最高100元		[0,0][0,0]
去看看		[0,0][0,0]
800x9999%3E		[0,0][0,0]
800x9999%3E		[0,0][0,0]
OPLSED德国增压花洒喷头浴室淋浴洗澡水龙头加压大出水量莲蓬头		[0,0][0,0]
领券后¥10.79		[0,0][0,0]
补贴3元券		[0,0][0,0]
800x9999%3E		[0,0][0,0]
阿西娅半排3斤甘肃靖远滩羊肉炖煮烧烤食材新鲜原切清真地标		[0,0][0,0]
领券后¥101		[0,0][0,0]
补贴17元券		[0,0][0,0]
800x9999%3E		[0,0][0,0]
美的玻璃盖炒菜锅无涂层家用炒锅铁锅耐磨免开锅大肚锅多灶可用		[0,0][0,0]
领券后¥69.4		[0,0][0,0]
补贴17元券		[0,0][0,0]
800x9999%3E		[0,0][0,0]
西门子开关插座面板套装蕴越白色86型五孔单开薄款16a三孔usb皓彩		[0,0][0,0]
领券后¥3.99		[0,0][0,0]
补贴2元券		[0,0][0,0]
800x9999%3E		[0,0][0,0]
潘祥记1100g云腿月饼礼盒云南特产鲜花饼火腿月饼中秋月饼送礼		[0,0][0,0]
领券后¥57		[0,0][0,0]
补贴9元券		[0,0][0,0]
800x9999%3E		[0,0][0,0]
xiya/希崖卷帘门远程控制器4G电动卷闸门设备伸缩门遥控定时开门		[0,0][0,0]
领券后¥88.5		[0,0][0,0]
补贴21元券		[0,0][0,0]
800x9999%3E		[0,0][0,0]
黄天鹅可生食鸡蛋28枚*53g大蛋新鲜营养糖心鸡蛋顺丰中秋礼盒装		[0,0][0,0]
领券后¥55.6		[0,0][0,0]
补贴9元券		[0,0][0,0]
800x9999%3E		[0,0][0,0]
国际电工感应灯轨道插座一键断电可移动轨道式大功率厨房电力滑轨		[0,0][0,0]
领券后¥80		[0,0][0,0]
补贴14元券		[0,0][0,0]
800x9999%3E		[0,0][0,0]
【小厨妞】陶瓷微压锅汤锅家用炖锅煲汤锅不粘钛锅电磁炉燃气通用		[0,0][0,0]
领券后¥56.1		[0,0][0,0]
补贴13元券		[0,0][0,0]
800x9999%3E		[0,0][0,0]
希望树除甲醛果冻绿罐新房家用装修吸甲醛强力除醛神器甲醛清除剂		[0,0][0,0]
领券后¥108		[0,0][0,0]
补贴36元券		[0,0][0,0]
90		[0,0][0,0]
decce45d-c61e-4be9-97b2-532753e71061.png.slim		[0,0][0,0]
最后补贴14件!		[0,0][0,0]
90		[0,0][0,0]
90		[0,0][0,0]
90		[0,0][0,0]

		[0,0][0,0]
800x9999%3E		[0,0][0,0]
小糊涂仙		[0,0][0,0]
小糊涂仙酒920老版52度485ml*6瓶整箱原箱贵州浓香型白酒口粮酒		[0,0][0,0]
800x9999%3E		[0,0][0,0]
分期付款		[0,0][0,0]
正品险		[0,0][0,0]
退货包运费		[0,0][0,0]
券后¥631		[0,0][0,0]
正在加载中...		[0,0][0,0]
顶部		[0,0][0,0]