消费券		[0,0][1440,3168]
​​​​​​​​​​​​​​​​​​​​​​​​​​​​​​​​​​​​​​​​​​​​​​​​​​​​​​​​​​​​​​​​​​​​​​​​​​​​​​​​​​​​​​​​​​​​​​​​​​​​​​​​​​​​​​​​​​​​​​​​​​​​​​​​​​​​​​​​​​​​​​​​​​​​​​​​​​​​​​​​​​​​​​​​​​​​​​​​​​​​​​​​​​​​​​​​​​​​​​​​​​​​​​​​​​​​​​​​​​​​​​​​​​​​​​​​​​​​​​​​​​​​​​​​​​​​​​​​​​​​​​​​​​​​​​​​​​​​​​​​​​​​​​​​​​​​​​​​​​​​		[0,0][0,0]
消费券		[619,206][819,276]
webp		[0,0][1440,962]
规则		[1253,343][1440,441]
5折		[105,528][231,640]
8天内点亮6次必得		[339,504][784,563]
webp		[339,570][420,651]
webp		[458,570][539,651]
webp		[577,570][658,651]
webp		[696,570][777,651]
webp		[815,570][896,651]
webp		[934,570][1015,651]
立即点亮		[1046,521][1358,633]
天降福利		[45,458][217,507]
双重补贴		[231,749][493,815]
地区专享		[843,749][1102,815]
webp		[1113,745][1323,819]
webp		[0,707][1440,857]
共100元券		[45,896][332,962]
可享店铺优惠+平台消费券，补贴叠加		[343,889][1148,962]
8.5折		[304,983][430,1053]
减		[266,1134][315,1193]
50		[311,1099][423,1207]
元		[420,1134][469,1193]
最高		[423,1088][511,1137]
立即领取		[266,1267][469,1323]
9折		[990,983][1085,1053]
减		[938,1134][987,1193]
50		[983,1099][1095,1207]
元		[1092,1134][1141,1193]
最高		[1095,1088][1183,1137]
立即领取		[938,1267][1141,1323]
消费券福袋		[45,1480][353,1547]
360x		[371,1480][437,1547]
抽中7折减50元券		[444,1480][864,1547]
360x		[371,1540][437,1606]
抽中5折减5元券		[444,1540][833,1606]
奖励		[1249,1477][1361,1547]
webp		[1368,1491][1396,1533]
webp		[112,1589][413,1785]
webp		[112,1778][413,1974]
抽福袋		[175,1872][350,1935]
webp		[570,1589][871,1785]
webp		[570,1778][871,1974]
webp		[560,1872][602,1928]
抽1个后开启		[605,1876][878,1928]
限量必得		[962,1554][1155,1613]
webp		[1029,1596][1326,1792]
webp		[1015,1872][1057,1928]
抽2个后开启		[1060,1876][1340,1928]
双重补贴		[231,2079][493,2145]
地区专享		[843,2079][1102,2145]
webp		[1113,2075][1323,2149]
webp		[0,2037][1440,2187]
精选		[91,2058][217,2187]
webp		[304,2075][560,2145]
webp		[647,2075][805,2145]
美容个护		[892,2058][1141,2187]
大牌奥莱		[1228,2058][1440,2187]
服饰配件		[0,0][0,0]
家居生活		[0,0][0,0]
运动户外		[0,0][0,0]
手机数码		[0,0][0,0]
家电		[0,0][0,0]
医药健康		[0,0][0,0]
水果生鲜		[0,0][0,0]
汽配摩托		[0,0][0,0]
母婴玩具		[0,0][0,0]
食品保健		[0,0][0,0]
家具家纺		[0,0][0,0]
webp		[1088,2037][1127,2194]
webp		[1165,2065][1256,2152]
搜索		[1256,2072][1382,2149]
webp		[59,2208][710,2859]
59256e15-e075-4db4-9590-d27c2a04eb81.png.slim		[84,2877][287,2940]
8df1a254-f195-4b45-83db-d2d20f6f7f2f.png.slim		[297,2877][402,2940]
南京冠生园鸭血粉丝汤正宗地道特产宵夜速食半成品红薯粉168g/盒		[84,2877][682,3168]
店铺优惠0.7元先用后付坏了包赔		[84,3034][686,3101]
券后¥13.1		[84,3108][325,3168]
webp		[731,2208][1382,2859]
webp		[934,2793][980,2838]
同款热销		[990,2786][1179,2845]
59256e15-e075-4db4-9590-d27c2a04eb81.png.slim		[756,2877][959,2940]
8df1a254-f195-4b45-83db-d2d20f6f7f2f.png.slim		[969,2877][1074,2940]
恒澍木浆棉洗碗布加厚不易伤涂层家用清洁木浆海绵擦厨房		[756,2877][1354,3097]
店铺优惠1.06元收藏的商品先用后付		[756,3034][1358,3101]
券后¥6.03		[756,3108][1008,3168]
webp		[0,0][0,0]
59256e15-e075-4db4-9590-d27c2a04eb81.png.slim		[0,0][0,0]
8df1a254-f195-4b45-83db-d2d20f6f7f2f.png.slim		[0,0][0,0]
4ee1fd0d-c8d9-4fc7-b758-00d7eee3d3ff.png.slim		[0,0][0,0]

		[0,0][0,0]
锦鲤鱼a4纸打印纸双面加厚复印纸办公用纸学生家用白纸整箱批发		[0,0][0,0]
店铺优惠13.9元收藏的商品先用后付		[0,0][0,0]
券后¥51.92		[0,0][0,0]
webp		[0,0][0,0]
59256e15-e075-4db4-9590-d27c2a04eb81.png.slim		[0,0][0,0]
8df1a254-f195-4b45-83db-d2d20f6f7f2f.png.slim		[0,0][0,0]
西牛优选潮汕三拼原切牛肉片嫩肉吊龙匙仁火锅套餐烤肉食材150g		[0,0][0,0]
店铺优惠5.1元先用后付坏了包赔		[0,0][0,0]
券后¥45.59		[0,0][0,0]
webp		[0,0][0,0]
webp		[0,0][0,0]
同款热销		[0,0][0,0]
59256e15-e075-4db4-9590-d27c2a04eb81.png.slim		[0,0][0,0]
8df1a254-f195-4b45-83db-d2d20f6f7f2f.png.slim		[0,0][0,0]
f37f9612-d88b-4fe5-9a1b-f9971381d357.gif.slim		[0,0][0,0]

		[0,0][0,0]
郎牌郎酒2025纪念版53度500ml*1/2瓶酱香白酒正品郎高端送礼酒水		[0,0][0,0]
店铺优惠8元正品险假一赔十		[0,0][0,0]
券后¥133.2		[0,0][0,0]
webp		[0,0][0,0]
webp		[0,0][0,0]
同款热销		[0,0][0,0]
59256e15-e075-4db4-9590-d27c2a04eb81.png.slim		[0,0][0,0]
8df1a254-f195-4b45-83db-d2d20f6f7f2f.png.slim		[0,0][0,0]
4ee1fd0d-c8d9-4fc7-b758-00d7eee3d3ff.png.slim		[0,0][0,0]

		[0,0][0,0]
蓝藤卫生间毛巾架免打孔浴室壁挂可折叠毛巾架浴室置物架毛巾挂架		[0,0][0,0]
店铺优惠1.2元先用后付正品险		[0,0][0,0]
券后¥22.59		[0,0][0,0]
webp		[0,0][0,0]
webp		[0,0][0,0]
同款热销		[0,0][0,0]
59256e15-e075-4db4-9590-d27c2a04eb81.png.slim		[0,0][0,0]
8df1a254-f195-4b45-83db-d2d20f6f7f2f.png.slim		[0,0][0,0]
LEHOME A类抗菌深睡床笠单件全包防滑床笠席梦思防滑床罩保护套		[0,0][0,0]
店铺优惠1.8元先用后付正品险		[0,0][0,0]
券后¥34.1		[0,0][0,0]
已补13.1元		[0,0][0,0]
优惠前¥49		[0,0][0,0]
webp		[0,0][0,0]
webp		[0,0][0,0]
同款热销		[0,0][0,0]
59256e15-e075-4db4-9590-d27c2a04eb81.png.slim		[0,0][0,0]
8df1a254-f195-4b45-83db-d2d20f6f7f2f.png.slim		[0,0][0,0]
白象拌面组合装7天不重样地域特色拌面混合口味麻酱方便速食食品		[0,0][0,0]
店铺优惠2.5元先用后付正品险		[0,0][0,0]
券后¥21.6		[0,0][0,0]
已补7.8元		[0,0][0,0]
优惠前¥31.9		[0,0][0,0]
webp		[0,0][0,0]
59256e15-e075-4db4-9590-d27c2a04eb81.png.slim		[0,0][0,0]
8df1a254-f195-4b45-83db-d2d20f6f7f2f.png.slim		[0,0][0,0]
4ee1fd0d-c8d9-4fc7-b758-00d7eee3d3ff.png.slim		[0,0][0,0]

		[0,0][0,0]
百世王妃新升级对开滤网洗脸盆漏水塞银色下水器防臭防堵漏水塞		[0,0][0,0]
店铺优惠1.16元先用后付正品险		[0,0][0,0]
券后¥6.6		[0,0][0,0]
webp		[0,0][0,0]
webp		[0,0][0,0]
webp		[0,0][0,0]
同款热销		[0,0][0,0]
59256e15-e075-4db4-9590-d27c2a04eb81.png.slim		[0,0][0,0]
8df1a254-f195-4b45-83db-d2d20f6f7f2f.png.slim		[0,0][0,0]
AMD 锐龙 5500G/5600GT/5700G 核显主机办公商务娱乐电影组装台式电脑		[0,0][0,0]
店铺优惠41元分期付款正品险		[0,0][0,0]
券后¥1948		[0,0][0,0]
webp		[0,0][0,0]
59256e15-e075-4db4-9590-d27c2a04eb81.png.slim		[0,0][0,0]
8df1a254-f195-4b45-83db-d2d20f6f7f2f.png.slim		[0,0][0,0]
f37f9612-d88b-4fe5-9a1b-f9971381d357.gif.slim		[0,0][0,0]

		[0,0][0,0]
AUFIT空调奥克斯出品大3匹省电柜机一级变频冷暖家用wifi智控静音		[0,0][0,0]
店铺+消费券共优惠￥332.09送货入户并安装正品发票		[0,0][0,0]
国补后¥2598.38		[0,0][0,0]
已补610元		[0,0][0,0]
优惠前¥3999		[0,0][0,0]
webp		[0,0][0,0]
webp		[0,0][0,0]
同款热销		[0,0][0,0]
59256e15-e075-4db4-9590-d27c2a04eb81.png.slim		[0,0][0,0]
8df1a254-f195-4b45-83db-d2d20f6f7f2f.png.slim		[0,0][0,0]
4ee1fd0d-c8d9-4fc7-b758-00d7eee3d3ff.png.slim		[0,0][0,0]

		[0,0][0,0]
东上御品全籽籽乌生冻笔管鱼满籽乌鱼新鲜海兔子带籽海鲜批发		[0,0][0,0]
先用后付坏了包赔正品险		[0,0][0,0]
券后¥43.89		[0,0][0,0]
已补20.01元		[0,0][0,0]
优惠前¥69.9		[0,0][0,0]
正在加载中...		[0,0][0,0]
顶部		[0,0][0,0]
	返回	[49,200][126,280]