领券中心	[0,0][1440,3168]
webp	[31,203][42,210]
webp	[31,203][42,210]
webp	[31,203][112,280]
小凳子结实耐用	[514,203][945,280]
webp	[1316,199][1323,206]
webp	[1316,199][1323,206]
webp	[1316,199][1389,287]
精选	[14,329][217,490]
家电数码	[213,329][539,490]
家居百货	[532,329][857,490]
食品生鲜	[854,329][1179,490]
美家	[1176,329][1379,490]
箱包鞋服	[1375,329][1440,490]
母婴医药	[0,0][0,0]
美妆	[0,0][0,0]
精选好券	[45,518][294,595]
券后更低	[329,518][546,588]
webp	[73,644][448,1018]
奥克斯空调大3p匹新一级能效WiFi智控智省电柜机铜管双排变频冷暖	[483,647][1015,724]
收藏的商品	[483,749][1015,808]
券后价¥3296	[483,927][868,1008]
¥22	[1130,661][1319,780]
无门槛券	[1123,819][1326,871]
立即领取	[1116,948][1333,1015]
券已领6%	[728,1018][1116,1095]
webp	[73,1158][448,1533]
新款小鹏X9增程版专用TPR脚垫全套全包围防滑耐磨防水免拆内饰改	[483,1162][1015,1242]
退货包运费	[483,1263][1015,1323]
券后价¥122	[483,1442][805,1526]
¥58	[1127,1176][1323,1295]
无门槛券	[1123,1333][1326,1386]
立即领取	[1116,1463][1333,1529]
券已领1%	[728,1533][1116,1610]
webp	[73,1673][448,2047]
山水S66家用音响无线蓝牙音箱高音质新款低音炮复古手机电脑桌	[483,1676][1015,1753]
只换不修分期付款	[483,1778][1015,1837]
券后价¥790	[483,1956][822,2037]
¥26	[1127,1690][1323,1809]
无门槛券	[1123,1848][1326,1900]
立即领取	[1116,1977][1333,2044]
券已领2%	[728,2047][1116,2124]
webp	[73,2187][448,2562]
七匹狼双肩包男高中生书包大容量轻便商务电脑包户外旅行学生背包	[483,2191][1015,2268]
正品险退货包运费	[483,2292][1015,2352]
券后价¥165.6	[483,2471][878,2555]
¥10	[1137,2205][1312,2324]
无门槛券	[1123,2362][1326,2415]
立即领取	[1116,2492][1333,2558]
券已领24%	[728,2562][1116,2639]
webp	[73,2702][448,3076]
KokoCube麦角硫因面霜双抗抚纹奢养保湿三重浓缩抗皱紧致修护舒缓	[483,2705][1015,2782]
退货包运费	[483,2807][1015,2866]
券后价¥198	[483,2985][808,3069]
¥60	[1127,2719][1326,2838]
无门槛券	[1123,2877][1326,2929]
立即领取	[1116,3006][1333,3073]
券已领97%	[728,3076][1116,3153]
webp	[0,0][0,0]
企业微信ai智能卡片录音笔高效会议纪要语音转文字转写总结分析	[0,0][0,0]
正品发票分期付款	[0,0][0,0]
券后价¥649	[0,0][0,0]
¥30	[0,0][0,0]
无门槛券	[0,0][0,0]
立即领取	[0,0][0,0]
券已领1%	[0,0][0,0]
webp	[0,0][0,0]
卫生间厕纸架纸巾架纸巾盒厕所打孔手机洗手间卷纸架壁挂式置物架	[0,0][0,0]
发货前可快速退款	[0,0][0,0]
券后价¥3.73	[0,0][0,0]
¥3	[0,0][0,0]
无门槛券	[0,0][0,0]
立即领取	[0,0][0,0]
券已领1%	[0,0][0,0]
webp	[0,0][0,0]
双沟柔和升级版钻缘六瓶装商务高端42度纯粮酿造优级送礼喜事婚庆	[0,0][0,0]
分期付款	[0,0][0,0]
券后价¥324	[0,0][0,0]
¥79	[0,0][0,0]
无门槛券	[0,0][0,0]
立即领取	[0,0][0,0]
券已领2%	[0,0][0,0]
webp	[0,0][0,0]
雪莱特Led车灯雨神系列12-24V对装110瓦高亮穿透王远近光灯H1H4H7	[0,0][0,0]
退货包运费	[0,0][0,0]
券后价¥177.3	[0,0][0,0]
¥10	[0,0][0,0]
无门槛券	[0,0][0,0]
立即领取	[0,0][0,0]
券已领43%	[0,0][0,0]
正在加载中...	[0,0][0,0]
spinner	[0,0][0,0]
	[0,0][0,0]
顶部	[0,0][0,0]