页面加载不成功，请稍后重试		[356,867][1084,943]
返回首页		[622,999][818,1065]
精选推荐		[663,1276][871,1338]
甄嘉宜儿童防滑凳家	甄嘉宜儿童防滑凳家用宝宝坐凳矮凳换鞋凳浴室垫脚凳马桶凳脚踏凳	[28,2124][687,2181]
回头客好评率99%		[28,2195][375,2251]
先用后付		[389,2195][603,2251]
¥		[28,2284][54,2341]
7.08		[58,2267][159,2346]
已抢1.1万+件		[170,2273][687,2339]
3D立体眼罩睡眠遮光专用男士	3D立体眼罩睡眠遮光专用男士女生助眠透气不压眼午休睡觉眼罩	[753,2124][1412,2181]
周销量飙升超2倍		[753,2195][1077,2251]
先用后付		[1091,2195][1305,2251]
¥		[753,2284][779,2341]
3.03		[783,2267][884,2346]
全店总售29.3万+件		[895,2273][1412,2339]
贵州茅台53度	贵州茅台53度飞天茅台酱香型白酒500ml*2瓶送礼袋年份版本随机发	[28,3118][687,3168]
广西北部湾红	广西北部湾红树林烤海鸭蛋咸蛋熟鸭蛋特大正宗红心流油咸鸭蛋批发	[753,3118][1412,3168]
	返回	[49,200][126,280]