问一问	[670,420][847,504]
	[1348,439][1393,485]
家用加厚塑料矮凳耐用儿童叠放板凳浴室洗澡马桶换鞋脚凳凳子	[280,565][1022,627]
券后	[280,719][364,768]
¥	[369,720][397,773]
9.89	[401,707][521,777]
即将抢光	[555,711][723,767]
无需等待	[1224,614][1392,628]
直接拼成	[1177,637][1385,699]
总结商品特点	[88,2795][400,2897]
选款建议	[490,2795][698,2897]
参数解读	[788,2795][996,2897]
有关商品的问题，尽情提问	[238,2990][946,3078]
继续问	[1165,2999][1342,3069]
你可能想问	[56,849][316,933]
可以承受多重的人	[98,1019][546,1085]
放在浴室地面有水防滑吗	[98,1215][714,1281]
长时间踩踏会变形吗	[98,1411][602,1477]
叠放起来稳不稳当	[98,1607][546,1673]
脏了用什么擦干净	[98,1803][546,1869]