FrameLayout		拍照搜索	checked=false	[0,0][1440,3168]
LinearLayout			checked=false	[0,0][1440,3168]
FrameLayout			checked=false	[0,0][1440,3168]
RelativeLayout			checked=false	[0,0][1440,3168]
FrameLayout			checked=false	[0,160][1440,3168]
FrameLayout			checked=false	[0,160][1440,3168]
LinearLayout			checked=false	[0,160][1440,3168]
FrameLayout			checked=false	[0,160][1440,335]
LinearLayout			checked=false	[44,181][1396,314]
ImageView			checked=false	[424,222][473,272]
TextView	淋浴花洒花洒喷头	搜索	checked=false	[501,214][949,280]
ImageView			checked=false	[960,219][1016,275]
ImageView		拍照搜索	checked=false	[1279,209][1440,286]
HorizontalScrollView			checked=false	[0,335][1440,472]
LinearLayout			checked=false	[0,335][1440,472]
a$c			checked=false	[14,335][204,472]
TextView	推荐		checked=false	[49,361][169,442]
a$c			checked=false	[204,335][606,472]
ImageView		最快明天达	checked=false	[239,361][571,441]
a$c			checked=false	[606,335][900,472]
TextView	政府补贴		checked=false	[641,363][865,439]
a$c			checked=false	[900,335][1082,472]
TextView	手机		checked=false	[935,363][1047,439]
a$c			checked=false	[1082,335][1264,472]
TextView	百货		checked=false	[1117,363][1229,439]
a$c			checked=false	[1264,335][1440,472]
TextView	运动		checked=false	[1299,363][1411,439]
View			checked=false	[0,472][1440,473]
ViewPager			checked=false	[0,473][1440,3168]
FrameLayout			checked=false	[0,473][1440,3168]
RecyclerView			checked=false	[0,473][1440,3168]
LinearLayout			checked=false	[0,473][1440,1009]
FrameLayout		快捷入口列表	checked=false	[0,473][1440,963]
RecyclerView			checked=false	[0,473][1440,963]
RelativeLayout			checked=false	[0,473][288,718]
ImageView		充值中心	checked=false	[75,508][212,645]
TextView	充值中心		checked=false	[54,656][234,714]
RelativeLayout			checked=false	[288,473][576,718]
ImageView		限时秒杀	checked=false	[363,508][500,645]
TextView	限时秒杀		checked=false	[342,656][522,714]
RelativeLayout			checked=false	[576,473][864,718]
ImageView		免费领礼物	checked=false	[651,508][788,645]
TextView	免费领礼物		checked=false	[607,656][832,714]
RelativeLayout			checked=false	[864,473][1152,718]
ImageView		多多果园	checked=false	[939,508][1076,645]
TextView	多多果园		checked=false	[918,656][1098,714]
RelativeLayout			checked=false	[1152,473][1440,718]
ImageView		潮流好价	checked=false	[1227,508][1364,645]
TextView	潮流好价		checked=false	[1206,656][1386,714]
RelativeLayout			checked=false	[0,718][288,963]
ImageView		9块9特卖	checked=false	[75,753][212,890]
TextView	9块9特卖		checked=false	[49,901][238,959]
RelativeLayout			checked=false	[288,718][576,963]
ImageView		补贴多人团	checked=false	[363,753][500,890]
TextView	补贴多人团		checked=false	[319,901][544,959]
RelativeLayout			checked=false	[576,718][864,963]
ImageView		超级满减	checked=false	[651,753][788,890]
TextView	超级满减		checked=false	[630,901][810,959]
RelativeLayout			checked=false	[864,718][1152,963]
ImageView		宝藏女装	checked=false	[939,753][1076,890]
TextView	宝藏女装		checked=false	[918,901][1098,959]
RelativeLayout			checked=false	[1152,718][1440,963]
ImageView		现金大富翁	checked=false	[1227,753][1364,890]
TextView	现金大富翁		checked=false	[1183,901][1408,959]
FrameLayout			checked=false	[0,473][1440,963]
ImageView			checked=false	[185,483][336,543]
ImageView			checked=false	[599,981][841,995]
FrameLayout			checked=false	[0,1009][1440,1380]
ViewGroup			checked=false	[0,1009][1440,1380]
ViewGroup			checked=false	[0,1009][1439,1380]
ViewGroup			checked=false	[0,1037][1439,1380]
ViewGroup			checked=false	[0,1065][288,1352]
ViewGroup			checked=false	[39,1065][249,1352]
ImageView			checked=false	[76,1079][213,1216]
FrameLayout			checked=false	[39,1228][249,1285]
TextView	百亿补贴		checked=false	[46,1228][242,1285]
ViewGroup			checked=false	[39,1302][249,1348]
ImageView			checked=false	[39,1306][249,1348]
ImageView			checked=false	[267,1065][288,1352]
ViewGroup			checked=false	[288,1037][576,1380]
ViewGroup			checked=false	[288,1230][576,1283]
ViewGroup			checked=false	[320,1065][544,1289]
ImageView			checked=false	[320,1065][544,1289]
ViewGroup			checked=false	[288,1296][576,1366]
ViewGroup			checked=false	[288,1303][576,1366]
ViewGroup			checked=false	[288,1303][576,1366]
FrameLayout			checked=false	[356,1312][380,1357]
TextView	¥		checked=false	[356,1312][380,1357]
FrameLayout			checked=false	[387,1303][508,1360]
TextView	9099		checked=false	[387,1303][508,1360]
ViewGroup			checked=false	[575,1037][863,1380]
ViewGroup			checked=false	[575,1230][863,1283]
ViewGroup			checked=false	[607,1065][831,1289]
ImageView			checked=false	[607,1065][831,1289]
ViewGroup			checked=false	[575,1296][863,1366]
ViewGroup			checked=false	[575,1303][863,1366]
ViewGroup			checked=false	[575,1303][863,1366]
FrameLayout			checked=false	[629,1312][653,1357]
TextView	¥		checked=false	[629,1312][653,1357]
FrameLayout			checked=false	[660,1303][808,1360]
TextView	2801.6		checked=false	[660,1303][808,1360]
ViewGroup			checked=false	[863,1037][1151,1380]
ViewGroup			checked=false	[863,1230][1151,1283]
ViewGroup			checked=false	[895,1065][1119,1289]
ImageView			checked=false	[895,1065][1119,1289]
ViewGroup			checked=false	[863,1296][1151,1366]
ViewGroup			checked=false	[863,1303][1151,1366]
ViewGroup			checked=false	[863,1303][1151,1366]
FrameLayout			checked=false	[915,1312][939,1357]
TextView	¥		checked=false	[915,1312][939,1357]
FrameLayout			checked=false	[946,1303][1098,1360]
TextView	140.08		checked=false	[946,1303][1098,1360]
ViewGroup			checked=false	[1151,1037][1439,1380]
ViewGroup			checked=false	[1151,1230][1439,1283]
ViewGroup			checked=false	[1183,1065][1407,1289]
ImageView			checked=false	[1183,1065][1407,1289]
ViewGroup			checked=false	[1151,1296][1439,1366]
ViewGroup			checked=false	[1151,1303][1439,1366]
ViewGroup			checked=false	[1151,1303][1439,1366]
FrameLayout			checked=false	[1221,1312][1245,1357]
TextView	¥		checked=false	[1221,1312][1245,1357]
FrameLayout			checked=false	[1252,1303][1369,1360]
TextView	3200		checked=false	[1252,1303][1369,1360]
ViewGroup			checked=false	[2,1396][720,2405]
LinearLayout			checked=false	[11,1405][711,2396]
FrameLayout			checked=false	[11,1405][711,2105]
ImageView			checked=false	[11,1405][711,2105]
LinearLayout			checked=false	[11,2105][711,2396]
FrameLayout			checked=false	[11,2105][711,2186]
TextView	AUFIT空调	AUFIT空调奥克斯出品大3匹省电柜机一级变频冷暖家用wifi智控静音	checked=false	[39,2129][683,2186]
RecyclerView			checked=false	[39,2133][415,2182]
ImageView			checked=false	[39,2133][211,2182]
ImageView			checked=false	[222,2133][404,2182]
RelativeLayout			checked=false	[11,2186][711,2396]
View			checked=false	[39,2200][683,2263]
LinearLayout			checked=false	[39,2207][683,2263]
TextView	补贴15%		checked=false	[39,2207][255,2263]
TextView	已缴纳保证金		checked=false	[269,2207][521,2263]
View			checked=false	[39,2263][683,2267]
LinearLayout			checked=false	[39,2278][683,2368]
TextView	国补后		checked=false	[39,2305][174,2358]
TextView	¥		checked=false	[178,2306][204,2363]
TextView	2598.38		checked=false	[208,2288][413,2368]
TextView	全店好评2889条		checked=false	[424,2310][683,2357]
ViewGroup			checked=false	[720,1396][1438,2405]
LinearLayout			checked=false	[729,1405][1429,2396]
FrameLayout			checked=false	[729,1405][1429,2105]
ImageView			checked=false	[729,1405][1429,2105]
ImageView			checked=false	[750,1426][818,1533]
LinearLayout			checked=false	[729,2105][1429,2396]
FrameLayout			checked=false	[729,2105][1429,2186]
TextView	微星PRO MP	微星PRO MP341CQ E12 34英寸准4K120Hz 内置音箱 1500R曲面显示器	checked=false	[757,2129][1401,2186]
RecyclerView			checked=false	[757,2133][1112,2182]
ImageView			checked=false	[757,2133][939,2182]
ImageView			checked=false	[950,2133][1101,2182]
RelativeLayout			checked=false	[729,2186][1429,2396]
LinearLayout			checked=false	[757,2207][1401,2263]
TextView	送货上门		checked=false	[757,2207][932,2263]
TextView	1246人收藏		checked=false	[946,2207][1169,2263]
TextView	限购1件		checked=false	[1183,2207][1353,2263]
View			checked=false	[757,2263][1401,2267]
LinearLayout			checked=false	[757,2278][1401,2368]
TextView	券后		checked=false	[757,2304][847,2357]
TextView	¥		checked=false	[851,2305][877,2362]
TextView	1158		checked=false	[881,2287][997,2367]
TextView	已抢81件		checked=false	[1008,2294][1401,2360]
ViewGroup			checked=false	[2,2405][720,3168]
LinearLayout			checked=false	[11,2414][711,3168]
FrameLayout			checked=false	[11,2414][711,3114]
ImageView			checked=false	[11,2414][711,3114]
LinearLayout			checked=false	[11,3114][711,3168]
FrameLayout			checked=false	[11,3114][711,3168]
TextView	大疆 新品 DJI	大疆 新品 DJI Lito X1 新手入门航拍机4K高清全向避障前视无人机	checked=false	[39,3138][683,3168]
RecyclerView			checked=false	[39,3142][394,3168]
ImageView			checked=false	[39,3142][221,3168]
ImageView			checked=false	[232,3142][383,3168]
ViewGroup			checked=false	[720,2405][1438,3168]
LinearLayout			checked=false	[729,2414][1429,3168]
FrameLayout			checked=false	[729,2414][1429,3114]
ImageView			checked=false	[729,2414][1429,3114]
LinearLayout			checked=false	[729,3114][1429,3168]
FrameLayout			checked=false	[729,3114][1429,3168]
TextView	徽渔桂黄山臭鲈	徽渔桂黄山臭鲈鱼正宗徽州腌鲜鲈鱼净膛真空半成品商用酒店批发	checked=false	[757,3138][1401,3168]
RecyclerView			checked=false	[757,3142][1021,3168]
ImageView			checked=false	[757,3142][908,3168]
ImageView			checked=false	[919,3142][1010,3168]
LinearLayout			checked=false	[0,2940][1440,3168]
RelativeLayout		首页	checked=false	[0,2996][288,3168]
ImageView			checked=false	[103,3018][184,3099]
TextView	首页		checked=false	[109,3113][179,3154]
RelativeLayout		多多视频	checked=false	[288,2996][576,3168]
ImageView			checked=false	[391,3018][472,3099]
TextView	多多视频		checked=false	[362,3113][502,3154]
RelativeLayout		中秋立减	checked=false	[576,2996][864,3168]
ImageView			checked=false	[622,3021][818,3099]
TextView	中秋立减		checked=false	[650,3113][790,3154]
RelativeLayout		聊天321	checked=false	[864,2996][1152,3168]
ImageView			checked=false	[967,3018][1048,3099]
TextView	99+		checked=false	[1015,3010][1123,3073]
TextView	聊天		checked=false	[973,3113][1043,3154]
RelativeLayout		个人中心0	checked=false	[1152,2996][1440,3168]
ImageView			checked=false	[1255,3018][1336,3099]
ImageView			checked=false	[1321,3003][1360,3042]
TextView	个人中心		checked=false	[1226,3113][1366,3154]
View			checked=false	[0,2995][1440,2996]
View			checked=false	[0,0][1440,160]
View			checked=false	[0,0][1440,160]