FrameLayout		返回	checked=false	[0,0][1440,3168]
FrameLayout			checked=false	[0,0][1440,3168]
FrameLayout			checked=false	[0,0][1440,3168]
FrameLayout			checked=false	[0,0][1440,3168]
FrameLayout			checked=false	[0,0][1440,3168]
FrameLayout			checked=false	[0,0][1440,3168]
ViewGroup			checked=false	[0,0][1440,3168]
FrameLayout			checked=false	[0,0][1440,3168]
FrameLayout			checked=false	[0,0][1440,3168]
WebView			checked=false	[0,0][1440,3168]
WebView	拼多多		checked=false	[0,0][1440,3168]
TextView			checked=false	[0,0][1440,3168]
View			checked=false	[0,0][1440,3168]
View			checked=false	[0,0][1440,3168]
TextView			checked=false	[0,0][1440,3168]
View			checked=false	[255,1246][1183,1925]
Dialog	百亿补贴		checked=false	[598,1309][843,1400]
TextView	中国人寿财险承保		checked=false	[588,1414][896,1466]
TextView	官方补贴，惊喜特价		checked=false	[514,1529][1004,1596]
TextView	大牌正品，假一赔十		checked=false	[514,1620][1004,1690]
Button	知道了		checked=false	[255,1764][1183,1925]
Button	关闭按钮		checked=false	[1134,1200][1228,1298]
LinearLayout			checked=false	[0,0][1440,3168]
FrameLayout			checked=false	[0,0][1440,3168]
FrameLayout			checked=false	[0,0][1440,3168]
ViewGroup			checked=false	[0,0][1440,3168]
ViewGroup			checked=false	[0,0][1440,3168]
RecyclerView			checked=false	[0,0][1440,2961]
FrameLayout			checked=false	[0,0][1440,1440]
ImageView			checked=false	[0,0][1440,1440]
ViewPager		微星PRO MP341CQ E12 34英寸准4K120Hz 内置音箱 1500R曲面显示器	checked=false	[0,0][1440,1440]
FrameLayout			checked=false	[0,0][1440,1440]
FrameLayout			checked=false	[0,0][1440,1440]
FrameLayout			checked=false	[0,0][1440,1440]
FrameLayout			checked=false	[0,0][1440,1440]
ImageView		微星PRO MP341CQ E12 34英寸准4K120Hz 内置音箱 1500R曲面显示器	checked=false	[0,0][1440,1440]
ImageView		播放	checked=false	[0,1212][175,1408]
ImageView			checked=false	[43,43][183,262]
TextView	1/13		checked=false	[1292,1292][1408,1366]
FrameLayout			checked=false	[0,1440][1440,1671]
ViewGroup		补贴价¥1219券后1158官方补贴品已售8.5万+元·补贴剩19件百亿补贴	checked=false	[0,1440][1440,1671]
ImageView			checked=false	[0,1440][1440,1671]
ViewGroup			checked=false	[0,1440][880,1671]
ViewGroup			checked=false	[0,1440][773,1552]
View		补贴价¥1219券后1158官方补贴品已售8.5万+元·补贴剩19件百亿补贴	checked=false	[28,1440][773,1552]
ImageView			checked=false	[42,1489][102,1545]
TextView	券后 		checked=false	[116,1491][221,1548]
TextView	¥		checked=false	[221,1491][254,1552]
TextView	1158		checked=false	[261,1440][448,1549]
TextView	补贴价¥1219		checked=false	[476,1494][727,1547]
FrameLayout			checked=false	[731,1504][773,1536]
ImageView			checked=false	[731,1504][759,1532]
ViewSwitcher			checked=false	[42,1579][880,1646]
ViewGroup			checked=false	[42,1579][880,1646]
TextView	官方补贴品		checked=false	[42,1579][295,1646]
TextView	已售8.5万+元・补贴剩19件		checked=false	[309,1579][880,1646]
ImageView			checked=false	[1104,1440][1440,1671]
View		百亿补贴	checked=false	[1122,1440][1440,1671]
View			checked=false	[1122,1479][1440,1632]
TextView	百亿补贴		checked=false	[1175,1527][1387,1589]
LinearLayout			checked=false	[0,1671][1440,1978]
FrameLayout			checked=false	[0,1671][1440,1978]
LinearLayout			checked=false	[0,1671][1440,1978]
ViewGroup			checked=false	[0,1671][1440,1768]
LinearLayout			checked=false	[0,1706][1136,1768]
TextView	来自 # 微星电脑官方旗舰店·精选好货 #		checked=false	[42,1706][1101,1768]
TextView	一次选多款 #		checked=false	[1136,1706][1398,1768]
FrameLayout			checked=false	[0,1768][1440,1978]
RelativeLayout			checked=false	[0,1768][1440,1978]
FrameLayout			checked=false	[0,1803][1440,1943]
RecyclerView			checked=false	[0,1803][925,1943]
ViewGroup			checked=false	[42,1803][452,1943]
ViewGroup			checked=false	[42,1803][452,1943]
View			checked=false	[42,1803][452,1943]
ImageView		商品款式图	checked=false	[42,1803][182,1943]
ViewGroup			checked=false	[182,1803][452,1943]
TextView	内置音箱曲面显示器		checked=false	[203,1820][431,1926]
ViewGroup			checked=false	[473,1803][883,1943]
ViewGroup			checked=false	[473,1803][883,1943]
View			checked=false	[473,1803][883,1943]
ImageView		商品款式图	checked=false	[473,1803][613,1943]
ViewGroup			checked=false	[613,1803][883,1943]
TextView	MAG显示器		checked=false	[634,1820][862,1926]
View			checked=false	[42,1976][1440,1978]
LinearLayout			checked=false	[0,1978][1440,2111]
FrameLayout			checked=false	[0,1978][1440,2111]
View			checked=false	[0,1978][1440,2111]
LinearLayout			checked=false	[0,1978][1440,2111]
View			checked=false	[0,1978][42,2111]
FrameLayout			checked=false	[42,1978][1440,2111]
LinearLayout			checked=false	[42,2011][1366,2078]
LinearLayout			checked=false	[42,2011][310,2078]
TextView	立享9.5折		checked=false	[42,2011][296,2078]
LinearLayout			checked=false	[310,2011][713,2078]
TextView	即将恢复1599元		checked=false	[310,2011][699,2078]
ImageView			checked=false	[1366,2023][1408,2066]
LinearLayout			checked=false	[0,2111][1440,2202]
ViewGroup			checked=false	[0,2111][1440,2202]
ImageView			checked=false	[42,2111][1398,2202]
ImageView			checked=false	[42,2111][1398,2202]
View			checked=false	[42,2111][1398,2202]
TextView	#补贴剩19件，现在下单后天达，超时必赔3元券		checked=false	[63,2111][1313,2202]
View			checked=false	[0,2202][1440,2223]
LinearLayout			checked=false	[0,2223][1440,2375]
FrameLayout			checked=false	[0,2223][1440,2375]
ViewGroup		微星PRO MP341CQ E12 34英寸准4K120Hz 内置音箱 1500R曲面显示器	checked=false	[42,2230][1398,2368]
ImageView		图片	checked=false	[42,2231][249,2291]
ImageView		图片	checked=false	[263,2231][487,2291]
TextView	微星PRO MP341CQ E12 34英寸准4K12		checked=false	[501,2230][1393,2292]
TextView	0Hz 内置音箱 1500R曲面显示器		checked=false	[42,2306][778,2368]
TextView	正品发票		checked=false	[792,2307][1010,2367]
View			checked=false	[0,2375][1440,2396]
FrameLayout			checked=false	[0,2396][1440,2484]
ViewGroup			checked=false	[0,2396][1440,2484]
ViewGroup			checked=false	[0,2396][1440,2484]
FrameLayout			checked=false	[0,2396][1440,2484]
FrameLayout			checked=false	[0,2403][1440,2484]
RecyclerView			checked=false	[0,2403][1440,2484]
ViewGroup			checked=false	[28,2403][323,2477]
ViewGroup			checked=false	[28,2403][323,2477]
ViewGroup			checked=false	[41,2403][322,2477]
ViewGroup			checked=false	[41,2411][322,2468]
FrameLayout			checked=false	[55,2411][308,2468]
TextView	1246人收藏		checked=false	[55,2411][308,2468]
ViewGroup			checked=false	[323,2403][561,2477]
ViewGroup			checked=false	[323,2403][561,2477]
ViewGroup			checked=false	[336,2403][560,2477]
ViewGroup			checked=false	[336,2411][560,2468]
FrameLayout			checked=false	[350,2411][546,2468]
TextView	店铺热销		checked=false	[350,2411][546,2468]
ViewGroup			checked=false	[561,2403][1191,2477]
ViewGroup			checked=false	[561,2403][1191,2477]
ViewGroup			checked=false	[574,2403][1190,2477]
ViewGroup			checked=false	[574,2411][1190,2468]
FrameLayout			checked=false	[588,2411][1176,2468]
TextView	该店连续半年入选百亿补贴		checked=false	[588,2411][1176,2468]
View			checked=false	[0,2484][1440,2512]
LinearLayout			checked=false	[0,2512][1440,2645]
ViewGroup		微星品牌官方正品，100%保障	checked=false	[0,2512][1440,2645]
ImageView			checked=false	[42,2512][1398,2645]
View			checked=false	[42,2512][1398,2645]
ImageView			checked=false	[70,2533][161,2624]
TextView	微星		checked=false	[189,2547][293,2609]
View			checked=false	[321,2561][323,2596]
ViewSwitcher			checked=false	[351,2543][1314,2613]
LinearLayout			checked=false	[351,2543][1314,2613]
TextView	该品牌累计热销520.7万+件		checked=false	[351,2547][984,2609]
ImageView			checked=false	[1328,2557][1370,2600]
View			checked=false	[0,2645][1440,2680]
FrameLayout			checked=false	[0,2680][1440,2961]
LinearLayout			checked=false	[42,2680][1398,2961]
LinearLayout			checked=false	[42,2680][1398,2796]
TextView	# # 拼多多已补贴271.1万件显示器/显示屏		checked=false	[84,2680][1366,2796]
ViewSwitcher			checked=false	[42,2824][1398,2961]
LinearLayout			checked=false	[84,2831][1356,2961]
View			checked=false	[84,2831][1356,2838]
ViewGroup		直接拼成	checked=false	[84,2838][1356,2961]
ViewGroup			checked=false	[84,2860][207,2961]
ViewGroup			checked=false	[84,2860][207,2961]
View			checked=false	[84,2860][200,2961]
ImageView			checked=false	[86,2862][198,2961]
ViewGroup			checked=false	[225,2838][775,2961]
TextView	Alpacahan(^ω^)		checked=false	[225,2857][592,2914]
TextView	该店买过3次		checked=false	[225,2921][509,2961]
LinearLayout			checked=false	[817,2838][1093,2961]
TextView	拼单即将结束		checked=false	[817,2862][1093,2916]
FrameLayout			checked=false	[861,2916][1093,2961]
LinearLayout			checked=false	[861,2916][1093,2961]
TextView	01		checked=false	[861,2916][917,2961]
TextView	:		checked=false	[917,2916][929,2961]
TextView	24		checked=false	[929,2916][985,2961]
TextView	:		checked=false	[985,2916][997,2961]
TextView	18		checked=false	[997,2916][1053,2961]
TextView	.		checked=false	[1053,2916][1065,2961]
TextView	1		checked=false	[1065,2916][1093,2961]
ViewGroup			checked=false	[1118,2866][1356,2961]
TextView	直接拼成		checked=false	[1118,2866][1356,2961]
ViewGroup			checked=false	[1175,2838][1356,2886]
TextView	立享优惠		checked=false	[1175,2838][1356,2886]
ViewGroup			checked=false	[42,2680][1398,2961]
ViewGroup			checked=false	[53,2796][1387,2961]
RelativeLayout		顶部工具栏	checked=false	[0,0][1440,320]
RelativeLayout			checked=false	[0,159][1440,320]
FrameLayout		返回	checked=false	[18,159][158,320]
View			checked=false	[32,183][144,295]
ImageView		返回	checked=false	[67,203][137,275]
FrameLayout			checked=false	[1128,159][1268,320]
LinearLayout			checked=false	[1142,183][1254,295]
ImageView			checked=false	[1142,183][1254,295]
FrameLayout		分享	checked=false	[1282,159][1422,320]
View			checked=false	[1296,183][1408,295]
ImageView			checked=false	[1317,203][1387,275]
LinearLayout			checked=false	[0,2961][1440,3168]
LinearLayout			checked=false	[0,2961][1440,3168]
View			checked=false	[0,2961][27,3168]
LinearLayout			checked=false	[27,2961][588,3168]
LinearLayout		店铺	checked=false	[27,2961][214,3168]
View			checked=false	[27,2961][214,2963]
LinearLayout			checked=false	[27,2963][214,3168]
ImageView			checked=false	[83,2998][157,3072]
TextView	店铺		checked=false	[75,3077][165,3139]
LinearLayout		收藏	checked=false	[214,2961][401,3168]
View			checked=false	[214,2961][401,2963]
LinearLayout			checked=false	[214,2963][401,3168]
FrameLayout			checked=false	[270,2998][344,3072]
ImageView			checked=false	[270,2998][344,3072]
TextView	收藏		checked=false	[262,3077][352,3139]
LinearLayout		客服	checked=false	[401,2961][588,3168]
View			checked=false	[401,2961][588,2963]
LinearLayout			checked=false	[401,2963][588,3168]
FrameLayout			checked=false	[459,3000][529,3070]
ImageView			checked=false	[459,3000][529,3070]
TextView	客服		checked=false	[449,3075][539,3137]
LinearLayout			checked=false	[588,2961][1440,3168]
LinearLayout			checked=false	[588,2961][1439,3168]
ViewGroup		补贴价补贴剩19件¥1158	checked=false	[588,2961][1439,3168]
ImageView			checked=false	[588,2961][1439,3168]
View			checked=false	[588,2961][1439,3168]
View			checked=false	[588,2961][1439,3168]
FrameLayout			checked=false	[648,3012][886,3117]
FrameLayout			checked=false	[648,3012][886,3117]
ImageView			checked=false	[752,3012][857,3117]
ImageView			checked=false	[700,3012][805,3117]
ImageView			checked=false	[648,3012][753,3117]
TextView	补贴剩19件 ¥ 1158		checked=false	[886,2991][1379,3073]
View			checked=false	[886,3077][1314,3139]
View			checked=false	[886,3077][1314,3139]
TextView	品牌正品 发起拼单		checked=false	[886,3077][1314,3139]
View			checked=false	[707,0][732,3168]