	返回	[49,200][126,280]
我的优惠券		[572,160][867,321]
历史记录		[1183,205][1391,276]
我的优惠券		[0,321][1440,3168]
全部		[52,321][178,482]
即将过期		[252,321][497,478]
平台券		[570,321][759,478]
店铺券		[833,321][1018,478]
多多支付优惠		[1092,321][1440,478]
来限时秒杀 整点抢券享实惠		[98,559][801,622]
去领取		[1176,559][1330,615]
webp		[1333,562][1365,611]
专场限量		[178,650][406,706]
5		[245,720][294,800]
元		[290,751][339,800]
无门槛券		[206,807][378,853]
去领取		[210,891][374,947]
专场可用		[616,650][843,706]
5		[682,720][735,800]
元		[728,751][777,800]
满25元可用		[619,807][840,853]
去领取		[647,891][812,947]
专场可用		[1053,650][1281,706]
5		[1120,720][1172,800]
元		[1169,751][1214,800]
满30元可用		[1057,807][1277,853]
去领取		[1085,891][1249,947]
webp		[73,1098][192,1213]
三单挑战，低至3折		[217,1108][714,1199]
去领券		[1144,1119][1309,1185]
webp		[73,1357][185,1469]
领更多好券领券中心		[213,1304][1323,1518]
webp		[1333,1385][1365,1437]
9折		[143,1637][301,1780]
最高减50元		[70,1798][402,1847]
仅限百亿补贴消费券指定商品可用		[420,1626][1018,1784]
仅剩18:04:21		[423,1805][1106,1857]
立即使用		[1099,1689][1351,1808]
webp		[45,1553][210,1717]
webp		[1200,1833][1249,1861]
券的来源：		[84,1966][336,2039]
百亿补贴频道-百亿消费券活动获得		[329,1966][1099,2039]
8.5折		[80,2057][360,2200]
最高减50元		[70,2218][402,2270]
仅限百亿补贴消费券指定商品可用		[420,2050][1018,2207]
仅剩18:04:21		[423,2225][1106,2281]
立即使用		[1099,2113][1351,2232]
webp		[45,1973][210,2141]
webp		[1200,2253][1249,2284]
券的来源：		[84,2389][336,2463]
百亿补贴频道-百亿消费券活动获得		[329,2389][1099,2463]
4张		[133,2487][332,2631]
平台券包		[133,2645][332,2701]
仅限部分大促商品可用		[441,2522][1018,2603]
仅剩18:04:21		[441,2613][1018,2666]
立即查看		[1116,2561][1333,2627]
优惠券说明		[0,0][0,0]
webp		[0,0][0,0]
推荐好券		[0,0][0,0]
券后更低		[0,0][0,0]
webp		[0,0][0,0]
奥克斯空调大3p匹新一级能效WiFi智控智省电柜机铜管双排变频冷暖		[0,0][0,0]
收藏的商品		[0,0][0,0]
券后价¥3296		[0,0][0,0]
¥22		[0,0][0,0]
无门槛券		[0,0][0,0]
立即领取		[0,0][0,0]
券已领6%		[0,0][0,0]
webp		[0,0][0,0]
金骏眉红茶 2026新茶蜜香型特级红茶黄芽罐装送礼250g		[0,0][0,0]
退货包运费		[0,0][0,0]
券后价¥99		[0,0][0,0]
¥13		[0,0][0,0]
无门槛券		[0,0][0,0]
立即领取		[0,0][0,0]
券已领1%		[0,0][0,0]
webp		[0,0][0,0]
新款小鹏X9增程版专用TPR脚垫全套全包围防滑耐磨防水免拆内饰改		[0,0][0,0]
退货包运费		[0,0][0,0]
券后价¥122		[0,0][0,0]
¥58		[0,0][0,0]
无门槛券		[0,0][0,0]
立即领取		[0,0][0,0]
券已领1%		[0,0][0,0]
webp		[0,0][0,0]
卫生间厕纸架纸巾架纸巾盒厕所打孔手机洗手间卷纸架壁挂式置物架		[0,0][0,0]
发货前可快速退款		[0,0][0,0]
券后价¥3.73		[0,0][0,0]
¥3		[0,0][0,0]
无门槛券		[0,0][0,0]
立即领取		[0,0][0,0]
券已领1%		[0,0][0,0]
webp		[0,0][0,0]
旗舰正品LONWENS手表大数字爸妈礼物石英表高档表中老年防水腕表		[0,0][0,0]
分期付款		[0,0][0,0]
券后价¥273		[0,0][0,0]
¥57		[0,0][0,0]
无门槛券		[0,0][0,0]
立即领取		[0,0][0,0]
券已领2%		[0,0][0,0]
webp		[0,0][0,0]
玉葫芦摆件纯天然米黄玉招财聚财开业乔迁礼品客厅玄关办公室店铺		[0,0][0,0]
退货包运费		[0,0][0,0]
券后价¥145.8		[0,0][0,0]
¥10		[0,0][0,0]
无门槛券		[0,0][0,0]
立即领取		[0,0][0,0]
券已领4%		[0,0][0,0]
伊维诗乐/Evoceler新生婴儿礼盒马年安抚玩具马宝宝音乐见面礼		[0,0][0,0]
分期付款正品险		[0,0][0,0]
券后价¥360.9		[0,0][0,0]
¥10		[0,0][0,0]
无门槛券		[0,0][0,0]
立即领取		[0,0][0,0]
券已领28%		[0,0][0,0]
双沟柔和升级版钻缘六瓶装商务高端42度纯粮酿造优级送礼喜事婚庆		[0,0][0,0]
分期付款		[0,0][0,0]
券后价¥324		[0,0][0,0]
¥79		[0,0][0,0]
无门槛券		[0,0][0,0]
立即领取		[0,0][0,0]
券已领2%		[0,0][0,0]
ISK sem7监听耳机声卡手机直播专用主播耳塞专业isk耳返耳挂式		[0,0][0,0]
退货包运费		[0,0][0,0]
券后价¥183.25		[0,0][0,0]
¥50		[0,0][0,0]
无门槛券		[0,0][0,0]
立即领取		[0,0][0,0]
券已领5%		[0,0][0,0]
可口可乐榨汁杯随行榨汁机双盖小型便携式无线榨汁桶可碎冰搅拌杯		[0,0][0,0]
只换不修正品险		[0,0][0,0]
券后价¥199		[0,0][0,0]
¥34		[0,0][0,0]
无门槛券		[0,0][0,0]
立即领取		[0,0][0,0]
券已领1%		[0,0][0,0]
正在加载中...		[0,0][0,0]
spinner		[0,0][0,0]
		[0,0][0,0]
顶部		[0,0][0,0]