	[49,200][126,280]
我的优惠券	[572,160][867,321]
历史记录	[1183,205][1391,276]
我的优惠券	[0,321][1440,3168]
全部	[52,321][178,482]
即将过期	[252,321][497,478]
平台券	[570,321][759,478]
店铺券	[833,321][1018,478]
多多支付优惠	[1092,321][1440,478]
来限时秒杀 整点抢券享实惠	[98,559][801,622]
去领取	[1176,559][1330,615]
webp	[1333,562][1365,611]
专场限量	[178,650][406,706]
5	[245,720][294,800]
元	[290,751][339,800]
无门槛券	[206,807][378,853]
去领取	[210,891][374,947]
专场可用	[616,650][843,706]
5	[682,720][735,800]
元	[728,751][777,800]
满25元可用	[619,807][840,853]
去领取	[647,891][812,947]
专场可用	[1053,650][1281,706]
5	[1120,720][1172,800]
元	[1169,751][1214,800]
满30元可用	[1057,807][1277,853]
去领取	[1085,891][1249,947]
webp	[73,1098][192,1213]
三单挑战，低至3折	[217,1108][714,1199]
去领券	[1144,1119][1309,1185]
webp	[73,1357][185,1469]
领更多好券领券中心	[213,1304][1323,1518]
webp	[1333,1385][1365,1437]
9折	[143,1637][301,1780]
最高减50元	[70,1798][402,1847]
仅限百亿补贴消费券指定商品可用	[420,1626][1018,1784]
仅剩18:12:04	[423,1805][1106,1857]
立即使用	[1099,1689][1351,1808]
webp	[45,1553][210,1717]
webp	[1200,1833][1249,1861]
券的来源：	[84,1966][336,2039]
百亿补贴频道-百亿消费券活动获得	[329,1966][1099,2039]
8.5折	[80,2057][360,2200]
最高减50元	[70,2218][402,2270]
仅限百亿补贴消费券指定商品可用	[420,2050][1018,2207]
仅剩18:12:04	[423,2225][1106,2281]
立即使用	[1099,2113][1351,2232]
webp	[45,1973][210,2141]
webp	[1200,2253][1249,2284]
券的来源：	[84,2389][336,2463]
百亿补贴频道-百亿消费券活动获得	[329,2389][1099,2463]
4张	[133,2487][332,2631]
平台券包	[133,2645][332,2701]
仅限部分大促商品可用	[441,2522][1018,2603]
仅剩18:12:04	[441,2613][1018,2666]
立即查看	[1116,2561][1333,2627]
优惠券说明	[581,2907][861,2960]
webp	[45,3051][119,3124]
推荐好券	[129,3047][378,3124]
券后更低	[416,3030][647,3145]
webp	[0,0][0,0]
奥克斯空调大3p匹新一级能效WiFi智控智省电柜机铜管双排变频冷暖	[0,0][0,0]
收藏的商品	[0,0][0,0]
券后价¥3296	[0,0][0,0]
¥22	[0,0][0,0]
无门槛券	[0,0][0,0]
立即领取	[0,0][0,0]
券已领6%	[0,0][0,0]
webp	[0,0][0,0]
KokoCube麦角硫因面霜双抗抚纹奢养保湿三重浓缩抗皱紧致修护舒缓	[0,0][0,0]
退货包运费	[0,0][0,0]
券后价¥198	[0,0][0,0]
¥60	[0,0][0,0]
无门槛券	[0,0][0,0]
立即领取	[0,0][0,0]
券已领97%	[0,0][0,0]
webp	[0,0][0,0]
伊维诗乐/Evoceler新生婴儿礼盒马年安抚玩具马宝宝音乐见面礼	[0,0][0,0]
分期付款正品险	[0,0][0,0]
券后价¥360.9	[0,0][0,0]
¥10	[0,0][0,0]
无门槛券	[0,0][0,0]
立即领取	[0,0][0,0]
券已领28%	[0,0][0,0]
webp	[0,0][0,0]
【顺丰】安徽黄山臭鲈鱼正宗徽州腌鲜鲈鱼净膛真空半成品腌制徽菜	[0,0][0,0]
坏了包赔顺丰包邮	[0,0][0,0]
券后价¥24.9	[0,0][0,0]
¥2	[0,0][0,0]
无门槛券	[0,0][0,0]
立即领取	[0,0][0,0]
券已领2%	[0,0][0,0]
webp	[0,0][0,0]
重庆直销同款稀土生物光子能量晶体吊坠第一代稀土晶体正品原厂	[0,0][0,0]
分期付款	[0,0][0,0]
券后价¥323	[0,0][0,0]
¥57	[0,0][0,0]
无门槛券	[0,0][0,0]
立即领取	[0,0][0,0]
券已领6%	[0,0][0,0]
webp	[0,0][0,0]
卫生间厕纸架纸巾架纸巾盒厕所打孔手机洗手间卷纸架壁挂式置物架	[0,0][0,0]
发货前可快速退款	[0,0][0,0]
券后价¥3.73	[0,0][0,0]
¥3	[0,0][0,0]
无门槛券	[0,0][0,0]
立即领取	[0,0][0,0]
券已领1%	[0,0][0,0]
webp	[0,0][0,0]
【生日送礼】Navigare意大利小帆船钱包男士青年高档牛皮男式皮夹	[0,0][0,0]
正品发票分期付款	[0,0][0,0]
券后价¥260.1	[0,0][0,0]
¥20	[0,0][0,0]
无门槛券	[0,0][0,0]
立即领取	[0,0][0,0]
券已领17%	[0,0][0,0]
全自动搅拌杯电动摇摇杯健身水杯便携奶昔杯子带刻度700ml大容量	[0,0][0,0]
退货包运费	[0,0][0,0]
券后价¥92.7	[0,0][0,0]
¥20	[0,0][0,0]
无门槛券	[0,0][0,0]
立即领取	[0,0][0,0]
券已领6%	[0,0][0,0]
双沟柔和升级版钻缘六瓶装商务高端42度纯粮酿造优级送礼喜事婚庆	[0,0][0,0]
分期付款	[0,0][0,0]
券后价¥324	[0,0][0,0]
¥79	[0,0][0,0]
无门槛券	[0,0][0,0]
立即领取	[0,0][0,0]
券已领2%	[0,0][0,0]
大疆DJI Cellular/三代4G模块适配御4 Pro、RC Pro 2屏控	[0,0][0,0]
退货包运费	[0,0][0,0]
券后价¥176.4	[0,0][0,0]
¥9	[0,0][0,0]
无门槛券	[0,0][0,0]
立即领取	[0,0][0,0]
券已领0%	[0,0][0,0]
言晟碳化竹筷深碳家用无漆无蜡不易发霉防滑天然楠竹筷子中式筷子	[0,0][0,0]
正品险退货包运费	[0,0][0,0]
券后价¥10.88	[0,0][0,0]
¥3	[0,0][0,0]
无门槛券	[0,0][0,0]
立即领取	[0,0][0,0]
券已领1%	[0,0][0,0]
新款五粮液1618 100mL*5瓶 52度 裸瓶品鉴款 日期随机发 浓香型	[0,0][0,0]
分期付款	[0,0][0,0]
券后价¥508.49	[0,0][0,0]
¥93	[0,0][0,0]
无门槛券	[0,0][0,0]
立即领取	[0,0][0,0]
券已领41%	[0,0][0,0]
正品匹克球拍板磨砂T700X4碳纤维pickleball专业比赛级匹克球全套	[0,0][0,0]
正品险退货包运费	[0,0][0,0]
券后价¥179.1	[0,0][0,0]
¥19	[0,0][0,0]
无门槛券	[0,0][0,0]
立即领取	[0,0][0,0]
券已领34%	[0,0][0,0]
情侣睡眠眼罩遮光真丝眼罩挂耳式挂耳式眼罩超轻薄眼罩睡觉专用	[0,0][0,0]
发货前可快速退款	[0,0][0,0]
券后价¥3.48	[0,0][0,0]
¥6	[0,0][0,0]
无门槛券	[0,0][0,0]
立即领取	[0,0][0,0]
券已领32%	[0,0][0,0]
奥克斯空调大3p匹新一级能效双排铜管节能巨省电柜机WiFi智控变频	[0,0][0,0]
送货入户并安装	[0,0][0,0]
券后价¥3296	[0,0][0,0]
¥23	[0,0][0,0]
无门槛券	[0,0][0,0]
立即领取	[0,0][0,0]
券已领1%	[0,0][0,0]
【30片】洗碗百洁布家用清洁海绵擦厨房用品刷锅刷碗洗碗布海绵块	[0,0][0,0]
券后价¥9.98	[0,0][0,0]
¥6	[0,0][0,0]
无门槛券	[0,0][0,0]
立即领取	[0,0][0,0]
券已领1%	[0,0][0,0]
正山王全肉宴组合装2025新茶牛栏坑肉桂特级武夷大红袍马头岩茶叶	[0,0][0,0]
正品险退货包运费	[0,0][0,0]
券后价¥139	[0,0][0,0]
¥10	[0,0][0,0]
无门槛券	[0,0][0,0]
立即领取	[0,0][0,0]
券已领1%	[0,0][0,0]
必迈远征者Pure2.0纳凉版减震Q弹防滑通勤男女训练公路骑行跑步鞋	[0,0][0,0]
正品发票分期付款	[0,0][0,0]
券后价¥227	[0,0][0,0]
¥40	[0,0][0,0]
无门槛券	[0,0][0,0]
立即领取	[0,0][0,0]
券已领1%	[0,0][0,0]
正在加载中...	[0,0][0,0]
spinner	[0,0][0,0]
	[0,0][0,0]
顶部	[0,0][0,0]