拼多多	[0,0][1440,3168]
小凳子结实耐用	[322,220][700,287]
综合	[73,392][185,458]
	[192,413][224,444]
销量	[304,346][567,504]
价格	[640,392][752,458]
	[759,402][791,427]
	[759,427][791,451]
品牌	[868,346][1134,504]
筛选	[1204,392][1316,458]
	[1326,395][1368,458]
webp	[73,553][462,938]
超萌圆筒卡通皮凳子可爱凳子家用茶几小成人矮凳儿童动物矮皮墩子	[497,563][1032,640]
先用后付立减2元	[497,661][1032,721]
券后价¥13.95	[497,840][889,924]
¥2	[1165,567][1284,686]
无门槛券	[1123,724][1326,777]
立即领取	[1116,854][1333,920]
券已领20%	[728,924][1116,1001]
webp	[73,1081][462,1470]
现代简约轻奢奶油风沙发客厅大小户型公寓民宿直排可拆洗布艺沙发	[497,1092][1032,1169]
立减65元	[497,1193][1032,1249]
券后价¥490	[497,1372][843,1452]
¥65	[1127,1095][1323,1214]
无门槛券	[1123,1253][1326,1309]
立即领取	[1116,1382][1333,1452]
券已领2%	[728,1452][1116,1533]
webp	[73,1610][462,1998]
言晟碳化竹筷深碳家用无漆无蜡不易发霉防滑天然楠竹筷子中式筷子	[497,1624][1032,1701]
先用后付立减3元	[497,1722][1032,1781]
券后价¥10.88	[497,1900][892,1984]
¥3	[1165,1627][1284,1746]
无门槛券	[1123,1785][1326,1837]
立即领取	[1116,1914][1333,1981]
券已领1%	[728,1984][1116,2061]
webp	[73,2142][462,2530]
首饰整理树收纳托盘桌上高颜值收纳盒钥匙珠宝桌面整理神器家居	[497,2152][1032,2229]
先用后付立减2元	[497,2254][1032,2310]
券后价¥8	[497,2432][745,2513]
¥2	[1165,2156][1284,2275]
无门槛券	[1123,2313][1326,2366]
立即领取	[1116,2443][1333,2509]
券已领1%	[728,2513][1116,2593]
webp	[73,2670][462,3059]
首饰整理树收纳托盘桌上高颜值收纳盒钥匙珠宝桌面整理神器家居	[497,2681][1032,2761]
先用后付立减2元	[497,2782][1032,2842]
券后价¥8	[497,2961][745,3045]
¥2	[1165,2684][1284,2807]
无门槛券	[1123,2842][1326,2898]
立即领取	[1116,2975][1333,3041]
券已领1%	[728,3045][1116,3122]
webp	[0,0][0,0]
收纳袋收纳袜子内衣挂袋悬挂神器挂式内衣裤内裤网兜衣柜宿舍	[0,0][0,0]
先用后付	[0,0][0,0]
券后价¥6.8	[0,0][0,0]
¥10	[0,0][0,0]
无门槛券	[0,0][0,0]
立即领取	[0,0][0,0]
券已领1%	[0,0][0,0]
天鹅首饰托盘优雅的戒指和小饰品收纳神器桌面收纳盒桌上杂物托盘	[0,0][0,0]
先用后付立减2元	[0,0][0,0]
券后价¥8	[0,0][0,0]
¥2	[0,0][0,0]
无门槛券	[0,0][0,0]
立即领取	[0,0][0,0]
券已领1%	[0,0][0,0]
巴洛克杂物托盘玄关化妆台整理器新款简约高级桌面收纳盒桌上托盘	[0,0][0,0]
先用后付立减2元	[0,0][0,0]
券后价¥7.8	[0,0][0,0]
¥2	[0,0][0,0]
无门槛券	[0,0][0,0]
立即领取	[0,0][0,0]
券已领1%	[0,0][0,0]
爱心蝴蝶结托盘桌面收纳盒高颜值摆件谷美收纳玄关入户床头卧室新	[0,0][0,0]
先用后付立减2元	[0,0][0,0]
券后价¥7.8	[0,0][0,0]
¥2	[0,0][0,0]
无门槛券	[0,0][0,0]
立即领取	[0,0][0,0]
券已领1%	[0,0][0,0]
打孔空调电视遥控器收纳盒收纳卫生间壁挂式置物架墙上固定挂墙	[0,0][0,0]
先用后付	[0,0][0,0]
券后价¥3.01	[0,0][0,0]
¥10	[0,0][0,0]
无门槛券	[0,0][0,0]
立即领取	[0,0][0,0]
券已领1%	[0,0][0,0]
打孔壁挂式空调电视遥控器收纳盒收纳卫生间置物架墙上固定挂墙	[0,0][0,0]
先用后付	[0,0][0,0]
券后价¥3.58	[0,0][0,0]
¥10	[0,0][0,0]
无门槛券	[0,0][0,0]
立即领取	[0,0][0,0]
券已领1%	[0,0][0,0]
正在加载中...	[0,0][0,0]
顶部	[0,0][0,0]