广告	[623,1279][713,1332]
禧天龙塑	[35,1356][692,1413]
先用后付	[35,1434][256,1483]
好评超99%同款	[270,1434][568,1483]
加厚防滑收纳凳	[748,1356][1405,1413]
先用后付	[748,1434][969,1483]
1万+人好评	[983,1434][1193,1483]
券后	[748,1530][832,1579]
¥	[839,1533][865,1582]
8.9	[869,1514][953,1587]
本店已拼7.3万	[964,1522][1274,1579]
禧天龙塑	[35,2355][692,2412]
先用后付	[35,2433][256,2482]
正品险	[270,2433][403,2482]
1万+人好评	[417,2433][627,2482]
禧天龙塑	[748,2355][1405,2412]
先用后付	[748,2433][969,2482]
10年老店	[983,2433][1158,2482]
正品发票	[1172,2433][1340,2482]
综合	[75,335][173,475]
销量	[364,376][462,433]
价格	[614,335][712,475]
品牌	[963,376][1061,433]
筛选	[1219,376][1317,433]
中秋节	[327,498][515,596]
送货上门	[587,498][820,596]
回头客常拼	[892,498][1117,596]
简约现代	[1189,498][1369,596]
小凳子结实耐用	[410,206][753,289]
商品	[182,214][294,280]