	拍照搜索	[0,0][1440,3168]
大促会场		[0,0][1440,2995]
		[126,203][1106,276]
		[500,203][574,276]
搜索		[1102,185][1305,297]
		[126,203][1106,276]
		[500,203][574,276]
搜索		[1102,185][1305,297]
100		[469,1221][581,1288]
元		[574,1235][637,1288]
30		[721,1221][801,1288]
元		[798,1235][861,1288]
50		[955,1221][1039,1288]
元		[1036,1235][1099,1288]
8		[1214,1221][1256,1288]
元		[1253,1235][1316,1288]
郎牌郎酒53度500ml*1/2瓶酱香白酒正品郎经典传承高端送礼酒水		[73,2278][469,2352]
拼过的店		[70,2345][241,2401]
正品险		[259,2345][388,2401]
￥		[80,2443][126,2488]
9		[115,1316][157,1389]
8		[115,1386][157,1459]
7		[115,1456][157,1529]
6		[115,1526][157,1599]
5		[115,1592][157,1669]
4		[115,1662][157,1736]
3		[115,1732][157,1806]
2		[115,1802][157,1876]
1		[115,1869][157,1942]
0		[115,1939][157,2012]
9		[115,2009][157,2082]
8		[115,2079][157,2149]
7		[115,2145][157,2219]
6		[115,2215][157,2289]
5		[115,2285][157,2359]
4		[115,2355][157,2429]
3		[115,2422][157,2495]
2		[115,2492][157,2565]
1		[115,2562][157,2635]
0		[115,2632][157,2705]
9		[150,1249][192,1323]
8		[150,1316][192,1389]
7		[150,1386][192,1459]
6		[150,1456][192,1529]
5		[150,1526][192,1599]
4		[150,1592][192,1669]
3		[150,1662][192,1736]
2		[150,1732][192,1806]
1		[150,1802][192,1876]
0		[150,1869][192,1942]
9		[150,1939][192,2012]
8		[150,2009][192,2082]
7		[150,2079][192,2149]
6		[150,2145][192,2219]
5		[150,2215][192,2289]
4		[150,2285][192,2359]
3		[150,2355][192,2429]
2		[150,2422][192,2495]
1		[150,2492][192,2565]
0		[150,2562][192,2635]
9		[185,1249][224,1323]
8		[185,1316][224,1389]
7		[185,1386][224,1459]
6		[185,1456][224,1529]
5		[185,1526][224,1599]
4		[185,1592][224,1669]
3		[185,1662][224,1736]
2		[185,1732][224,1806]
1		[185,1802][224,1876]
0		[185,1869][224,1942]
9		[185,1939][224,2012]
8		[185,2009][224,2082]
7		[185,2079][224,2149]
6		[185,2145][224,2219]
5		[185,2215][224,2289]
4		[185,2285][224,2359]
3		[185,2355][224,2429]
2		[185,2422][224,2495]
1		[185,2492][224,2565]
0		[185,2562][224,2635]
补贴价		[84,2492][318,2558]
大促		[332,2376][451,2425]
立减		[332,2446][451,2499]
9		[329,1606][360,1659]
8		[329,1652][360,1704]
7		[329,1701][360,1750]
6		[329,1746][360,1795]
5		[329,1792][360,1841]
4		[329,1837][360,1886]
3		[329,1883][360,1932]
2		[329,1928][360,1981]
1		[329,1974][360,2026]
0		[329,2023][360,2072]
9		[329,2068][360,2117]
8		[329,2114][360,2163]
7		[329,2159][360,2212]
6		[329,2205][360,2257]
5		[329,2254][360,2303]
4		[329,2299][360,2348]
3		[329,2345][360,2394]
2		[329,2390][360,2439]
1		[329,2436][360,2488]
0		[329,2481][360,2534]
9		[353,1606][385,1659]
8		[353,1652][385,1704]
7		[353,1701][385,1750]
6		[353,1746][385,1795]
5		[353,1792][385,1841]
4		[353,1837][385,1886]
3		[353,1883][385,1932]
2		[353,1928][385,1981]
1		[353,1974][385,2026]
0		[353,2023][385,2072]
9		[353,2068][385,2117]
8		[353,2114][385,2163]
7		[353,2159][385,2212]
6		[353,2205][385,2257]
5		[353,2254][385,2303]
4		[353,2299][385,2348]
3		[353,2345][385,2394]
2		[353,2390][385,2439]
1		[353,2436][385,2488]
0		[353,2481][385,2534]
9		[381,1606][413,1659]
8		[381,1652][413,1704]
7		[381,1701][413,1750]
6		[381,1746][413,1795]
5		[381,1792][413,1841]
4		[381,1837][413,1886]
3		[381,1883][413,1932]
2		[381,1928][413,1981]
1		[381,1974][413,2026]
0		[381,2023][413,2072]
9		[381,2068][413,2117]
8		[381,2114][413,2163]
7		[381,2159][413,2212]
6		[381,2205][413,2257]
5		[381,2254][413,2303]
4		[381,2299][413,2348]
3		[381,2345][413,2394]
2		[381,2390][413,2439]
1		[381,2436][413,2488]
0		[381,2481][413,2534]
元		[406,2481][455,2534]
奥克斯空调大3p匹新一级能效WiFi智控智省电柜机铜管双排变频冷暖		[525,2275][920,2348]
限时加补150元		[525,2348][808,2397]
￥		[532,2443][577,2488]
9		[567,1379][609,1456]
8		[567,1449][609,1522]
7		[567,1519][609,1592]
6		[567,1589][609,1662]
5		[567,1659][609,1732]
4		[567,1729][609,1802]
3		[567,1799][609,1869]
2		[567,1865][609,1939]
1		[567,1935][609,2009]
0		[567,2005][609,2079]
9		[567,2075][609,2149]
8		[567,2145][609,2219]
7		[567,2215][609,2289]
6		[567,2282][609,2359]
5		[567,2352][609,2425]
4		[567,2422][609,2495]
3		[567,2492][609,2565]
2		[567,2562][609,2635]
1		[567,2632][609,2705]
0		[567,2702][609,2775]
9		[602,1589][640,1662]
8		[602,1659][640,1732]
7		[602,1729][640,1802]
6		[602,1799][640,1869]
5		[602,1865][640,1939]
4		[602,1935][640,2009]
3		[602,2005][640,2079]
2		[602,2075][640,2149]
1		[602,2145][640,2219]
0		[602,2215][640,2289]
9		[602,2282][640,2359]
8		[602,2352][640,2425]
7		[602,2422][640,2495]
6		[602,2492][640,2565]
5		[602,2562][640,2635]
4		[602,2632][640,2705]
3		[602,2702][640,2775]
2		[602,2768][640,2845]
1		[602,2838][640,2912]
0		[602,2908][640,2982]
9		[637,1729][675,1802]
8		[637,1799][675,1869]
7		[637,1865][675,1939]
6		[637,1935][675,2009]
5		[637,2005][675,2079]
4		[637,2075][675,2149]
3		[637,2145][675,2219]
2		[637,2215][675,2289]
1		[637,2282][675,2359]
0		[637,2352][675,2425]
9		[637,2422][675,2495]
8		[637,2492][675,2565]
7		[637,2562][675,2635]
6		[637,2632][675,2705]
5		[637,2702][675,2775]
4		[637,2768][675,2845]
3		[637,2838][675,2912]
2		[637,2908][675,2982]
1		[637,2978][675,2995]
0		[637,2995][675,2995]
9		[668,1729][710,1802]
8		[668,1799][710,1869]
7		[668,1865][710,1939]
6		[668,1935][710,2009]
5		[668,2005][710,2079]
4		[668,2075][710,2149]
3		[668,2145][710,2219]
2		[668,2215][710,2289]
1		[668,2282][710,2359]
0		[668,2352][710,2425]
9		[668,2422][710,2495]
8		[668,2492][710,2565]
7		[668,2562][710,2635]
6		[668,2632][710,2705]
5		[668,2702][710,2775]
4		[668,2768][710,2845]
3		[668,2838][710,2912]
2		[668,2908][710,2982]
1		[668,2978][710,2995]
0		[668,2995][710,2995]
.		[703,2439][717,2488]
9		[710,1638][738,1683]
8		[710,1680][738,1725]
7		[710,1722][738,1767]
6		[710,1764][738,1809]
5		[710,1806][738,1851]
4		[710,1848][738,1893]
3		[710,1890][738,1939]
2		[710,1932][738,1981]
1		[710,1974][738,2023]
0		[710,2019][738,2065]
9		[710,2061][738,2107]
8		[710,2103][738,2149]
7		[710,2145][738,2191]
6		[710,2187][738,2233]
5		[710,2229][738,2275]
4		[710,2271][738,2320]
3		[710,2317][738,2362]
2		[710,2359][738,2404]
1		[710,2401][738,2446]
0		[710,2443][738,2488]
国补后		[535,2492][773,2558]
大促		[798,2429][885,2478]
立减		[798,2481][885,2534]
【3大瓶】立白平衡点洗碗粉家庭装洗碗机专用洗涤剂0添加食品级		[976,2278][1372,2352]
拼单过		[973,2345][1102,2401]
收藏的商品		[1120,2345][1333,2401]
拼过的店		[973,2397][1144,2450]
￥		[983,2443][1029,2488]
9		[1018,1491][1057,1564]
8		[1018,1561][1057,1634]
7		[1018,1631][1053,1701]
6		[1018,1701][1057,1771]
5		[1018,1767][1057,1841]
4		[1018,1837][1057,1907]
3		[1018,1907][1057,1977]
2		[1018,1974][1053,2047]
1		[1018,2044][1043,2114]
0		[1018,2114][1057,2184]
9		[1018,2184][1057,2254]
8		[1018,2254][1057,2324]
7		[1018,2320][1053,2394]
6		[1018,2390][1057,2460]
5		[1018,2460][1057,2530]
4		[1018,2527][1057,2600]
3		[1018,2597][1057,2670]
2		[1018,2667][1053,2737]
1		[1018,2737][1043,2807]
0		[1018,2807][1057,2877]
9		[1015,1767][1057,1841]
8		[1015,1837][1057,1911]
7		[1015,1907][1057,1981]
6		[1015,1974][1057,2047]
5		[1015,2044][1057,2117]
4		[1015,2114][1057,2187]
3		[1015,2184][1057,2254]
2		[1015,2250][1057,2324]
1		[1015,2320][1057,2394]
0		[1015,2390][1057,2464]
9		[1015,2460][1057,2534]
8		[1015,2527][1057,2600]
7		[1015,2597][1057,2670]
6		[1015,2667][1057,2740]
5		[1015,2737][1057,2810]
4		[1015,2803][1057,2877]
3		[1015,2873][1057,2947]
2		[1015,2943][1057,2995]
1		[1015,2995][1057,2995]
0		[1015,2995][1057,2995]
9		[1050,1802][1092,1876]
8		[1050,1872][1092,1946]
7		[1050,1939][1092,2012]
6		[1050,2009][1092,2082]
5		[1050,2079][1092,2152]
4		[1050,2149][1092,2219]
3		[1050,2215][1092,2289]
2		[1050,2285][1092,2359]
1		[1050,2355][1092,2429]
0		[1050,2422][1092,2499]
9		[1050,2492][1092,2565]
8		[1050,2562][1092,2635]
7		[1050,2632][1092,2705]
6		[1050,2702][1092,2775]
5		[1050,2768][1092,2842]
4		[1050,2838][1092,2912]
3		[1050,2908][1092,2982]
2		[1050,2975][1092,2995]
1		[1050,2995][1092,2995]
0		[1050,2995][1092,2995]
.		[1085,2443][1099,2492]
9		[1092,2002][1120,2047]
8		[1092,2044][1120,2089]
7		[1092,2086][1120,2131]
6		[1092,2128][1120,2173]
5		[1092,2170][1120,2215]
4		[1092,2212][1120,2257]
3		[1092,2254][1120,2299]
2		[1092,2296][1120,2341]
1		[1092,2338][1120,2383]
0		[1092,2380][1120,2425]
9		[1092,2422][1120,2471]
8		[1092,2464][1120,2513]
7		[1092,2506][1120,2555]
6		[1092,2548][1120,2597]
5		[1092,2590][1120,2639]
4		[1092,2635][1120,2681]
3		[1092,2677][1120,2723]
2		[1092,2719][1120,2765]
1		[1092,2761][1120,2807]
0		[1092,2803][1120,2849]
券后		[987,2492][1221,2558]
大促		[1232,2376][1354,2425]
立减		[1232,2446][1354,2499]
9		[1242,1606][1274,1659]
8		[1242,1652][1274,1704]
7		[1242,1701][1274,1750]
6		[1242,1746][1274,1795]
5		[1242,1792][1274,1841]
4		[1242,1837][1274,1886]
3		[1242,1883][1274,1932]
2		[1242,1928][1274,1981]
1		[1242,1974][1274,2026]
0		[1242,2023][1274,2072]
9		[1242,2068][1274,2117]
8		[1242,2114][1274,2163]
7		[1242,2159][1274,2212]
6		[1242,2205][1274,2257]
5		[1242,2254][1274,2303]
4		[1242,2299][1274,2348]
3		[1242,2345][1274,2394]
2		[1242,2390][1274,2439]
1		[1242,2436][1274,2488]
0		[1242,2481][1274,2534]
9		[1270,1606][1302,1659]
8		[1270,1652][1302,1704]
7		[1270,1701][1302,1750]
6		[1270,1746][1302,1795]
5		[1270,1792][1302,1841]
4		[1270,1837][1302,1886]
3		[1270,1883][1302,1932]
2		[1270,1928][1302,1981]
1		[1270,1974][1302,2026]
0		[1270,2023][1302,2072]
9		[1270,2068][1302,2117]
8		[1270,2114][1302,2163]
7		[1270,2159][1302,2212]
6		[1270,2205][1302,2257]
5		[1270,2254][1302,2303]
4		[1270,2299][1302,2348]
3		[1270,2345][1302,2394]
2		[1270,2390][1302,2439]
1		[1270,2436][1302,2488]
0		[1270,2481][1302,2534]
元		[1295,2481][1344,2534]
点击查看更多内容		[31,2611][1407,2758]
￥3296		[224,2995][458,2995]
家电补贴		[66,2995][458,2995]
补贴1330元		[70,2995][458,2995]
￥5599		[675,2995][910,2995]
数码补贴		[518,2995][910,2995]
补贴1400元		[521,2995][910,2995]
￥9699		[1127,2995][1361,2995]
手机补贴		[969,2995][1361,2995]
补贴300元		[973,2995][1361,2995]
￥3340		[224,2995][458,2995]
食品补贴		[66,2995][458,2995]
补贴2619元		[70,2995][458,2995]
￥3.29		[675,2995][910,2995]
囤货补贴		[518,2995][910,2995]
补贴10.61元		[521,2995][910,2995]
￥13.5		[1127,2995][1361,2995]
母婴补贴		[969,2995][1361,2995]
补贴19.5元		[973,2995][1361,2995]
​​​​​​​​​​​​​​​​​​​​​​​​​​​​​​​​​​​​​​​​​​​​​​​​​​​​​​​​​​​​​​​​​​​​​​​​​​​​​​​​​​​​​​​​​​​​​​​​​​​​​​​​​​​​​​​​​​​​​​​​​​​​​​​​​​​​​​​​​​​​​​​​​​​​​​​​​​​​​​​​​​​​​​​​​​​​​​​​​​​​​​​​​​​​​​​​​​​​​​​​​​​​​​​​​​​​​​​​​​​​​​​​​​​​​​​​​​​​​​​​​​​​​​​​​​​​​​​​​​​​​​​​​​​​​​​​​​​​​​​​​​​​​​​​​​​​​​​​​​​​		[0,0][0,0]
点击查看更多内容		[31,2995][1407,2995]
已抢8258件		[98,2995][329,2995]
￥29		[70,2995][325,2995]
万人团价		[70,2995][234,2995]
徽渔桂黄山臭鲈鱼正宗徽州腌鲜鲈鱼净膛真空半成品商用酒店批发		[63,2995][472,2995]
已抢22件		[553,2995][731,2995]
￥500.4		[521,2995][780,2995]
券后		[521,2995][609,2995]
GLINET MT3600BE路由器 无线千兆软路由 双2.5G网口轻NAS迷你便携		[514,2995][924,2995]
已抢22件		[1004,2995][1183,2995]
￥10999		[973,2995][1232,2995]
补贴价		[973,2995][1099,2995]
【现货速发送好礼】小米18 Fold手机小米新形态折叠首发Xiaomi		[966,2995][1375,2995]
已抢4件		[98,2995][255,2995]
￥2989.99		[70,2995][325,2995]
国补价		[70,2995][196,2995]
AUFIT空调奥克斯出品大3匹省电柜机一级变频冷暖家用wifi智控静音		[63,2995][472,2995]
已抢1.1万+件		[553,2995][794,2995]
￥7.08		[521,2995][780,2995]
大促价		[521,2995][647,2995]
甄嘉宜儿童防滑凳家用宝宝坐凳矮凳换鞋凳浴室垫脚凳马桶凳脚踏凳		[514,2995][924,2995]
已抢1.9万+件		[1004,2995][1256,2995]
￥66.75		[973,2995][1232,2995]
最后60分钟		[973,2995][1144,2995]
得力A4亚丁海复印纸打印一整箱办公室用批发家草稿纸加厚不卡顺滑		[966,2995][1375,2995]
	首页	[0,2996][288,3168]
首页		[109,3113][179,3154]
	多多视频	[288,2996][576,3168]
多多视频		[362,3113][502,3154]
	中秋立减	[576,2996][864,3168]
中秋立减		[650,3113][790,3154]
	聊天321	[864,2996][1152,3168]
99+		[1015,3010][1123,3073]
聊天		[973,3113][1043,3154]
	个人中心0	[1152,2996][1440,3168]
个人中心		[1226,3113][1366,3154]